xc,yc,width_mid_x,width_mid_y,height_mid_x,height_mid_y,actual_TCP_speed_0,actual_TCP_speed_1,actual_TCP_speed_2,xc_velocity,yc_velocity,width_velocity,height_velocity
113,323,119,420,38,327,-0.0569436046600706,0.0549748162962461,-0.000213022719532,-81.34819702654303,-13.558032837757173,-53.85188931323696,-55.810830104138056
95,320,101,410,22,324,-0.0213941922977389,0.0184856287993037,-0.003849703869462,-4.291532970990767,-8.583065941981534,-8.564055223598764,-9.443203528612026
94,318,100,408,21,323,0.0335448938895809,0.0064090547036068,0.034362328802193,218.8146725137406,-205.94322118940292,-3.980264462582722,29.889680049372352
303,136,308,235,232,139,0.0523150230896536,-0.0087011878482292,0.0409524982862829,19.960258455666718,-9.980129227833359,-30.492851643826196,2.7344140655391818
307,134,311,230,232,137,0.0314642987091602,-0.010028542900389,-0.0033078776312563,86.19516220018066,12.929274330027098,17.109903531276878,22.047932637355046
327,137,329,235,249,139,0.0765536956974175,-0.031280893182897,-0.0078685256131077,195.10368492930115,20.010634351723194,20.00425646054883,31.401720068874802
366,141,369,241,286,143,0.121939562407156,-0.0738080642883455,-0.0297532858798022,265.14691386886386,50.027719597898844,89.92084338086104,114.002343968624
419,151,421,260,332,153,0.1050704684974041,-0.0789948616308395,-0.0270752911888311,219.58609398387992,59.887116541058155,9.979521588201766,60.30013855762143
463,163,465,273,368,165,0.0560348527530914,-0.04674715911586,-0.0203660429761437,114.48314361394083,19.910111932859277,64.79388174836215,44.62887535960383
486,167,484,284,392,165,0.0170076932643664,-0.01606815040012,-0.0058821541430445,30.152753429398604,47.382898246197804,-51.297987392368455,-60.41720101671086
493,178,489,289,402,175,0.0175217975334639,0.0118255548668393,-0.0874467071225901,60.10287249604445,300.51436248022225,70.92857453014176,62.67726223837575
535,386,529,481,445,381,-0.0020315664322902,-0.0003434376855319,0.0021700700137312,-60.03618923177121,-68.6127876934528,89.70555605797443,68.1356753626823
521,370,516,476,431,366,-0.0407593030684235,0.0644295500710791,0.006539931055959,-176.69318334773527,-56.02466789074533,-90.79653935509323,-122.4661163820376
480,357,476,452,400,354,-0.0851643433631994,0.1159878294429758,0.0121299336224956,-231.36685285596965,-111.3988550788002,-13.52918353725482,-42.848332823225455
426,331,427,425,351,332,-0.1206595021706573,0.1253869893317059,-0.0040522490171998,-210.24782783050404,-5.005900662631048,-105.04176038094863,-128.85711417691408
384,330,386,414,317,332,-0.0799815736655845,0.0681093722647333,-0.0088925502538797,-109.88928029572257,-9.989934572338415,-9.988283692163087,-4.415210552997897
362,328,363,411,294,330,-0.0491848650668635,0.0333341684874489,-0.0080504918685962,-43.12611881752106,4.312611881752106,-21.464430933524042,-33.68052505882665
352,329,354,408,288,330,-0.000561548044009,0.0023282784224763,-0.0007631488322154,-9.97963056153362,-79.83704449226896,49.88330383209282,37.7141581601686
350,313,352,398,285,315,-0.0051890622083025,-0.0277023182323635,0.1219377414966241,0.0,-285.49375813520265,-0.22224485158174356,28.18611458932165
352,107,355,211,278,109,0.0040666198373077,-0.0214290104781104,0.0526329518535485,0.0,-14.975574515995048,-14.424465633222507,-6.612374851653446
352,104,356,207,277,107,-0.0335990382749009,-0.0625788892336224,-0.0335082793423599,-120.59057910744471,64.60209595041681,55.62384899527192,84.08801047867485
301,131,310,251,213,138,-0.0257221891811051,-0.0813826211093445,-0.0406001666062466,-25.01030989308481,100.04123957233924,-92.93632142203036,-57.32110207736646
296,151,307,261,205,161,-0.038014250621074,0.0246224566439268,-0.0309510750294387,-149.7684007055816,154.760680729101,-39.00675680445802,-0.03486440746445249
266,182,272,289,171,187,-0.123044991316348,0.0687163414882765,-0.1121501342784351,-333.68050050691227,333.68050050691227,-26.871688481000923,-65.01004804159227
188,260,187,363,100,259,-0.1785239147773457,0.0824830426910974,-0.1646531609845931,-233.1243371430454,233.1243371430454,-42.78723531484545,-54.66248995050353
134,314,137,413,51,316,-0.0771546719454659,0.0306711307780114,-0.0686322788849004,-34.987812711150426,64.97736646356508,-34.60296129943761,-53.51308724514271
127,327,131,422,48,330,0.0053154464908765,-0.004608028711592,-0.0009364012024028,0.0,-4.278631549203247,17.09968754832529,15.265012610554166
127,326,132,423,48,330,0.0202851072388247,-0.0206352648971161,0.0081265147004682,25.779822021075976,8.593274007025325,18.309819329985036,8.656617961932529
133,328,140,427,54,334,0.0464419174145225,-0.054759507902997,0.0051201044418726,60.02724930827212,30.01362465413606,70.2091339937243,59.579281303143105
145,334,152,441,66,340,0.0558255609690933,-0.0812732061302337,-0.0057397123594818,51.56207376628486,64.45259220785607,0.6065203308248122,51.101966846658186
157,349,165,455,68,356,0.0390456058954818,-0.0592714364474996,-0.0059517291307842,25.012964769699416,50.02592953939883,33.3831303720897,3.4606776341741505
162,359,167,468,76,363,0.0145046535671302,-0.02184331739604,-0.0011951290373168,0.0,4.28023834525774,-17.496724248955285,-6.843001020180553
162,360,167,468,75,364,-0.0193098840930431,0.0265598588045616,0.0048259050257295,-44.86563747588764,-49.85070830654182,-18.224353306320467,8.014693470274889
153,350,161,455,63,356,-0.0576094215433991,0.0697540904647361,0.0074468549352434,-90.83654649371222,-73.53434716157656,-39.692896272180434,-86.70353667538426
132,333,138,434,53,338,-0.0886188504247968,0.1040915463836111,0.0015532274953195,-94.76387565981851,-54.86329643463176,-54.76119901198271,-57.777745199650525
113,322,119,418,36,327,-0.0825759656055974,0.0824420541429625,-0.0004178552661768,-59.964213611367846,-8.566316230195406,-21.878238274570503,-35.39517876798147
99,320,104,413,25,324,-0.0407303269033839,0.03083901432687,-0.0031165616332115,-21.420559182135104,0.0,-29.41830844653609,-28.505182878299326
94,320,100,410,21,325,-0.0059853506267102,0.0061333513161655,-0.0044024159749196,68.91279421414364,-55.991645298991706,5.263795968660123,2.7793131808761817
273,166,279,257,197,171,0.1471414009698272,-0.013016580541345,0.1221116754807588,158.9659892232791,-136.2565621913821,-0.2864149934197277,-11.914726685058442
308,136,313,228,234,141,0.0091729003852432,-0.0037927118182619,-0.0006794180178958,23.415279009059507,-4.683055801811902,69.4509120692646,57.19371663303668
313,135,317,234,239,138,0.0573025728842952,-0.0213900015283542,-0.0082879881212683,137.48942639038563,8.593089149399102,8.424268815653937,34.726490961088736
345,137,348,236,265,139,0.1030694080927471,-0.0478742018040635,-0.0161036265563227,245.79486810423361,38.80971601645794,68.71499184497107,81.07119602549908
402,146,405,254,317,148,0.1141431753534602,-0.0783226321664469,-0.0309666312271923,240.09181672907675,65.02486703079163,50.12844082265343,73.07393018078275
450,159,453,271,360,161,0.0751396458369629,-0.0610776980752702,-0.0248677616139575,165.0619429345558,30.011262351737415,-5.22333188308763,14.984873148567342
483,165,481,277,390,163,0.0323813323696449,-0.0313974464490419,-0.0107566750664372,34.988021183390785,24.991443702421986,-0.13386939504121384,7.35724225582152
490,170,489,282,395,170,0.0141385923373593,0.0008189748821349,-0.0448015458809882,43.08686705983751,193.8909017692688,47.943629014134004,19.952745822068366
531,379,526,483,439,374,0.0155475300337816,-0.0024791972656271,-0.0589671672504776,5.004532866563816,25.02266433281908,-50.23760616844771,-42.607269237776904
532,384,527,482,441,379,-0.0181947692446276,0.0300617545368542,0.0021139067111773,-104.83413712169181,-69.88942474779454,9.332403268765653,-22.938100620062457
511,370,508,470,424,367,-0.0623916086498539,0.0855439344661637,0.0123557484010032,-189.67515745506577,-94.83757872753289,-43.456105517717035,-70.04748274362211
467,348,465,443,387,346,-0.0959041220718625,0.1215832305419298,0.0097870494327695,-259.3556154088556,-79.80172781810943,-60.0482987347465,-95.80750469722891
415,332,414,420,342,331,-0.1152692716824652,0.1179794808843511,-0.0043250427706441,-179.69855331870312,-19.966505924300346,-49.915420482510726,-52.43736136706716
379,328,379,411,308,328,-0.0716116467140632,0.056314165142171,-0.0124061583396756,-99.03692030663066,0.0,-8.416055256313975,-45.552362868748645
356,328,358,411,294,329,-0.0333451161296325,0.0282868203258323,-0.0030054627058697,-19.961065893156082,4.9902664732890205,-29.932472739752377,-21.35772650652941
352,329,355,409,289,331,0.002320988231462,0.0001793364812322,-0.0018822900548841,-12.843467423623041,-136.9969858519791,47.33050166397435,49.84189098273409
353,131,356,226,279,134,0.0059714353398679,-0.0554477999450491,0.1243054101555754,0.0,-120.17706392258111,61.31130083930898,49.489759537960985
353,103,359,205,279,108,-0.0140045374173731,-0.0187772908117175,-0.0143812881919723,-64.83427803639695,24.9362607832296,68.16953864797343,65.70607282773682
340,108,343,217,265,110,-0.0635958904285667,-0.1441031545252557,-0.0837566408357638,-154.26978295251604,98.56125021966302,85.04553539343314,134.51416515281844
304,131,315,250,216,139,-0.0355869101968679,-0.1064663845493786,-0.0521232931436751,-30.222807826602544,77.71579155412083,-76.96588485588991,-35.61813516357707
297,149,308,258,204,158,-0.0161337453279405,0.006840488092589,-0.0165777998106196,-144.53630435195925,104.66422039279809,62.77350855589592,36.044687047222254
268,170,277,286,177,178,-0.1005006035206639,0.056699823690595,-0.0989131035637584,-305.4432726608833,331.2553802096903,-127.71562453814946,-98.85016869916946
197,247,196,349,106,246,-0.1844526597276533,0.082674097972666,-0.168395983938554,-269.7442952828302,294.72061892012925,-24.97508094141304,-53.10031030179139
143,306,144,405,58,307,-0.1005426682976336,0.0424171854043851,-0.0871936749977216,-77.23194706723599,77.23194706723599,-12.640332756192945,-41.9577677307213
125,324,128,422,45,326,0.0032901155577872,-0.0016879612938843,-0.0026656636075516,20.016937282184237,20.016937282184237,0.7180565250487086,-8.015539107071733
129,328,133,425,50,331,0.017125345847117,-0.0184612024731448,0.0077961781325586,4.988877536334453,-14.96663260900336,5.2251229568923705,2.910785951260762
130,325,135,423,51,330,0.0318984987745206,-0.0367391362830148,0.0080408104850629,56.05934321495878,43.122571703814444,22.005250368808294,62.6304437732242
143,335,149,436,57,340,0.0587305346669161,-0.080871166172383,-0.0007720854400606,44.990549880398596,49.98949986710956,19.960951395421993,-2.342625520795145
152,345,158,447,69,349,0.0499918585829887,-0.0752284751758226,-0.012076903888424,39.92312927436359,64.87508507084083,39.85746176699573,33.0435869082956
160,358,166,464,76,362,0.0239111542073624,-0.0358349753003436,-0.0056613334739729,21.45715990001709,17.165727920013673,60.226735773485295,81.28479773527651
165,362,172,475,74,367,-0.0033593408830098,0.0069662293533693,0.0035793941910149,-30.076027687034482,-30.076027687034482,-68.87833652062977,-99.17399181216929
158,355,164,460,76,359,-0.045309513713989,0.055471018484269,0.0060156347933798,-74.81447568854418,-84.7897391136834,4.239461963869334,40.63579078636683
143,338,147,444,54,342,-0.0829592712794187,0.0947504121280554,0.0072389260543622,-114.68048188417,-59.833294896088695,-67.53951915547536,-106.74548067788193
120,326,128,425,41,333,-0.09741659941546,0.1041213300876882,-0.0011120264353274,-64.7680932938844,-25.90723731755376,-48.62262337565863,-71.88493380509405
105,320,111,413,32,324,-0.0583963203043133,0.0556798444243047,-0.0052522061956548,-45.00224243847601,15.000747479492004,5.679906701535099,-7.058851435219757
96,323,103,417,25,329,-0.0234039654557405,0.0202110963498054,-0.0075323984974004,-19.985105171497796,-9.992552585748898,-40.228627914931025,-19.128635036363075
92,321,99,412,19,327,0.0195483343118585,0.0035217189251982,0.0148749160214223,129.95473292713015,-129.95473292713015,1.660230182981349,34.9486863292699
298,144,304,238,225,149,0.0734544498285926,-0.0053917592933787,0.0673878487430449,54.938882630740416,-34.96110712865299,-25.56470560568133,-18.217585184509392
309,137,315,228,236,141,0.0323366076008874,-0.0114547193562874,-0.0039057746120653,64.4006698576348,-4.293377990508986,50.37759154973092,66.30302358105311
324,136,327,234,246,138,0.073836496172432,-0.0280982651718706,-0.0059873490098576,197.51884095953355,17.175551387785525,43.92998418806747,44.251387646025066
370,140,376,242,290,144,0.1235610182011475,-0.0727985760341002,-0.0290819003836895,260.2279466333225,60.052603069228276,63.86805564339211,97.71501704433344
422,152,424,261,334,154,0.1038294504419015,-0.0757286560515089,-0.0257349084513844,214.70893025935777,49.93230936264134,24.724664651073358,49.85723245150532
465,162,466,273,373,162,0.0559764856419406,-0.047441036416081,-0.0193874440917538,102.91613008761796,25.72903252190449,12.911438288289,22.545062957333727
489,168,488,281,394,167,0.0065612660328771,-0.0058259059788736,-0.0006221579348755,17.24372781223213,94.84050296727672,-16.853923362960323,-24.243506133819672
493,190,489,301,400,187,0.0240419512397497,0.0095700390693779,-0.1082917078918847,79.95003961233523,344.7845458281957,34.96129773974812,27.72822684928631
535,386,529,481,445,381,-0.0021003936673282,-9.743834131040752e-05,0.0033519259627147,-60.09002822336094,-20.030009407786977,58.93678590412442,48.81937079685585
523,382,520,482,432,379,-0.0353503063557416,0.0521927208046286,0.008376782168482,-162.34885381492973,-106.80845645719062,-29.39745377756205,-72.36749413819396
485,357,480,454,403,353,-0.0842909854616855,0.1132463994925903,0.0119430314062601,-231.58402231460906,-98.63763913400015,-47.88188383457997,-75.97534946427642
431,334,429,426,356,333,-0.12232275439275,0.1362827858819936,-0.0037315695182855,-211.40014544497012,-21.571443412752053,-77.8457765480915,-91.41930587624381
382,329,382,412,313,329,-0.0804573712270435,0.0689961628784169,-0.0112452110072384,-104.80569622663064,-4.990747439363364,-4.8538176526293855,-18.476778286425212
361,328,363,410,294,330,-0.0417002627170238,0.0336037540547733,-0.0047935536309226,-49.90628673688421,0.0,20.19683251361208,-3.594463867157222
351,328,354,412,288,330,-0.0064002465144721,0.0056675864813068,0.002373822768125,0.0,-54.99231684263473,-15.233460778629256,8.025546887104513
351,317,352,400,284,318,-0.0065807678400828,-0.0207449754874202,0.0995951204305678,-4.317121798032219,-280.6129168720943,17.15075723567257,30.957909543257614
351,105,356,212,278,108,0.0027036069150312,-0.0193249936782336,0.0507966741767953,-14.986525967258803,-4.995508655752935,-60.68647208463991,-18.63654838654197
348,104,350,207,271,106,-0.0311873880660638,-0.0646188460688023,-0.031236727425143,-116.08637730719795,85.98990911644292,60.82276433431778,67.86858322791512
299,140,312,254,208,151,-0.0130462769917608,-0.0436327114944422,-0.0184704027225009,-64.3839300516385,55.79940604475337,14.147008202578812,21.62304956881974
284,153,294,268,191,160,-0.0668347117650186,0.0360574736699255,-0.0636597910161834,-210.1705695673961,225.18275310792438,-28.02742451094345,-65.88209577983338
165,285,166,383,78,286,-0.1323061360215137,0.0556262935773674,-0.1249574306787764,-170.04110853291806,165.03989945842048,0.1530783149666559,-43.926690575414284
131,318,133,416,50,320,-0.0491801084003506,0.0194525679335876,-0.0401844564255161,-24.887639916074093,29.865167899288913,-4.976486441464628,-7.0193526081779
126,324,128,422,46,326,0.006429395265945,-0.0088959374866102,0.0003198539885387,8.588241677800475,8.588241677800475,0.715230886871174,-4.427673357626989
128,326,132,423,48,329,0.0230503118855092,-0.023252957608143,0.0036826614893551,34.47923401474345,17.239617007371724,32.00143026980036,29.580575988037825
136,330,144,431,56,336,0.0492481561970774,-0.0637462899951439,0.005738683265163,54.91932916950863,44.93399659323433,64.35520900972004,61.94842453606194
147,339,155,447,65,345,0.0544585849845183,-0.0755084864467244,-0.0019986694734633,55.02209119834376,60.02409948910228,-14.21625306367969,39.56509652365409
158,351,167,457,68,358,0.0381750487629346,-0.0575379502832646,-0.0079025375250501,21.481226543422327,51.554943704213585,20.22904544712727,9.857662544001471
163,363,169,471,73,368,0.0116751924651211,-0.0169184515847865,-0.0021128564702517,-10.007692527940293,-15.011538791910437,-11.209948830010788,-29.403817719253713
161,360,165,467,75,363,-0.0249550619223607,0.030565554833124,0.0027154068236213,-39.9204694169883,-49.90058677123537,-22.65558461056532,0.24429954163637288
153,350,161,455,64,357,-0.0588645731128767,0.0716793631757695,0.0097800429239858,-94.46388861873929,-81.58244926163847,-31.613137355826947,-81.74583351902454
131,331,136,433,53,335,-0.0892559198701756,0.1034943539098233,0.0021025166586334,-86.00833568297749,-38.70375105733987,-43.35002552699944,-57.34288266686249
111,322,115,418,37,325,-0.068491122263954,0.0616462555029752,-0.0065408792981348,-65.0095166786291,-10.001464104404477,-29.49703380844446,-23.232197095021466
98,320,103,414,24,324,-0.0406650001245395,0.0314334939323938,-0.0011244742210517,-19.98439100624646,0.0,-44.60328740457303,-40.62807565058652
94,320,99,409,20,325,-0.0105147686980116,0.0089570827650027,-0.0050192430036647,20.032999036393754,-30.04949855459063,26.414316675036233,35.060347858271406
98,314,106,406,23,320,0.0827515898141512,0.0090173572389067,0.0680564950856795,314.3797579089279,-271.31403764743095,-18.667322985858977,0.0
265,175,271,265,189,179,0.1737633733150251,-0.0203650061839653,0.1473168743600077,185.1086624517613,-167.88925199113234,8.864012287192521,-14.407884561100351
308,136,314,228,236,141,0.0042781075122144,-0.0019392811831586,-0.0045599159835857,15.009228897410972,0.0,63.89016876826075,64.30841081879457
311,136,315,234,237,139,0.0416759847590827,-0.0122654552860805,-0.0058258361026035,128.23663457755913,0.0,-0.42502846792475596,31.365958432628137
341,136,343,235,260,139,0.0997264831047518,-0.0464666667494373,-0.0183386979101436,241.1816535164642,38.76133717228889,56.08481896434947,67.26415326275873
397,145,400,249,312,147,0.1208975674462929,-0.0861993613130997,-0.0341247004074053,245.06362778917858,65.01688084202696,29.995777898307576,72.21325495159343
446,158,449,265,354,160,0.0797915578693891,-0.0674358236888845,-0.0273022222806804,158.54954710126424,38.56610605165887,77.00338955823896,58.86694630709333
483,167,480,284,390,165,0.0244316881701093,-0.020321988263068,-0.0104713107513759,35.000158549073326,20.00009059947047,-50.25722642629139,-22.00378393372264
490,171,489,283,395,170,0.0111986577159122,0.0011700315299755,-0.0301720225647548,15.028607464312334,135.257467178811,55.47894754124963,17.021004333300514
493,198,490,315,402,196,0.0280256972332679,0.0051672370845967,-0.1148371840321956,79.90120705133243,339.58012996816285,49.56441031315364,50.043724956168845
509,266,510,388,416,267,0.0470374415027437,0.003070445484787,-0.1841704133238123,77.7393985137377,354.146148784805,-30.204392998503668,-24.516883720240486
534,382,528,483,443,376,0.0015136282900625,-0.0024665891242032,-0.0092266188013437,-15.00824427480916,30.01648854961832,-41.48097119812747,-37.29162176109765
531,388,527,485,440,385,-0.0238384763066864,0.0317764905830836,0.0054524636762582,-109.78024603231259,-84.83019011587791,10.380601828551486,-23.597192559016015
509,371,505,469,423,367,-0.05135732600276,0.0705575129941327,0.008529012774542,-159.42430483792424,-99.64019052370264,24.32719462301663,-7.51026410433406
477,351,474,451,395,348,-0.0733168851079575,0.0931448398406713,0.0079023492719369,-198.62133487614605,-73.40353680205398,-78.00180976772852,-100.70493616531535
431,334,430,426,356,333,-0.0987517717434469,0.1111070131753494,0.0025219809118343,-183.5774870144235,-19.846214812370107,-64.56382616273653,-83.53294656913607
394,330,395,415,325,331,-0.0792947304361508,0.0696232017235746,-0.0073718971588834,-115.93782043931925,-8.587986699208834,-25.60504397062679,-37.36948857316976
367,328,370,410,302,330,-0.0474293831036703,0.0405670457341795,-0.0033205431295321,-51.88048809148315,0.0,-17.382776759376096,-18.779110329320677
355,328,357,408,290,330,-0.0211405826705008,0.0155166628507602,-0.0007314158778707,-9.996291582655283,4.998145791327642,-9.741528102392467,-14.092330901008767
353,329,355,408,289,331,-0.000350276582576,-0.0037804317250753,0.0128491564955819,-15.01691338988634,-110.12403152583317,39.89038637075897,53.20611932030998
350,307,352,390,283,309,-0.0031634665572446,-0.0236207697759511,0.1077873600732672,0.0,-244.47709940463093,14.74233219988204,16.639796253602814
352,176,356,263,279,179,0.0041485962347893,-0.0580275778964895,0.1663722115569905,0.0,-256.8161352605734,94.47035161007041,78.40578075729748
352,116,357,214,278,120,0.001240751994219,-0.020460617896962,0.0672132160182761,5.000314732334457,-65.00409152034793,40.79686669828542,30.094494561301644
353,103,360,205,280,108,-0.0111336189249631,-0.0180600063597088,-0.010659785539239,-60.10520001883397,17.17291429109542,67.53939961346113,65.11150448477248
339,107,343,217,264,110,-0.0548018864680987,-0.1172318778956633,-0.0680028653838044,-132.8565907987841,107.14241193450331,48.891409956717,96.54256691893849
308,132,316,248,221,138,-0.0366726832871417,-0.1104533347315414,-0.0534496252798985,-39.97382923720234,49.96728654650292,-45.68967400541687,-7.005363098310056
300,142,313,253,209,152,-0.0094696231614915,-0.0344693945024835,-0.0141675093026555,-43.070850212822776,8.614170042564556,96.17334907553978,83.94656115633954
290,144,299,266,196,152,-0.0490404501660913,0.0263502205342712,-0.0523320698582329,-167.62877292654287,223.5050305687238,-148.4841376258029,-114.16218480087858
251,196,255,301,157,200,-0.1186596418612526,0.0674352727503101,-0.1146466607116708,-299.776577572467,294.7803012795925,-20.93610388087489,-50.273758205689276
191,255,192,358,102,256,-0.154300173065645,0.0714238244439317,-0.1387585956691375,-220.02696367724667,235.0288021097862,-65.02010387923637,-67.7167090886435
147,302,147,399,62,302,-0.0918682975436042,0.0357019046663777,-0.0835552571630161,-95.10643711467179,105.11764102147936,10.832290674045169,-18.624637481975007
128,323,132,420,47,326,-0.0249027959440636,0.0090137958485734,-0.0206411865944099,0.0,20.023148595700395,9.508032104797532,-4.340810303548815
128,327,130,426,48,329,0.003673148849931,-0.0037654797795701,0.0001402458289045,12.901977913808487,0.0,-1.0263367547378663,-15.219078731384934
131,327,140,425,55,334,0.0171162195628273,-0.0162717293001542,0.0039976243684594,0.0,-4.998062408095465,2.700696257178135,11.6041413390989
131,326,137,425,53,331,0.0273641971964966,-0.0348099410006468,0.001657441176518,50.09416159869293,35.06591311908505,10.000482329522582,48.28613833132941
141,333,147,433,57,338,0.050051192895225,-0.0686544903099188,-0.004319215935304,47.258262733782594,51.55446843685374,78.00334838197429,62.05168149977413
152,345,160,454,67,351,0.0379137298065386,-0.0574142881698438,0.0006552013123312,45.013243279983406,15.004414426661135,65.20935867142548,71.40115429172484
161,348,169,463,73,355,0.0302757212156848,-0.0463130137313842,-0.0050185502651186,4.978473283892471,54.76320612281718,-66.10032038233929,-66.0788017482678
162,359,167,468,76,363,0.0115569858830103,-0.0183942055253672,0.0012138994038596,4.308310512789435,8.61662102557887,35.71394913419298,44.359745426832646
163,361,171,474,75,367,-0.0125420467434265,0.0182641275394659,0.0023468732579267,-25.043371928617837,-30.052046314341403,-71.25948616681863,-97.74714906250337
158,355,164,461,76,360,-0.0373934571952929,0.044491991576743,0.0037463866697771,-65.04387119092921,-55.037121776940104,-30.945465158791357,-34.21990898097359
145,344,149,447,65,347,-0.0555749444648569,0.0682655819857498,0.0067797387732223,-80.04454230349931,-75.0417584095306,-9.554726912024178,-27.59739072698059
129,329,135,431,53,333,-0.0786899649590047,0.0890786684373651,0.0001422529866641,-74.85675803661303,-34.933153750419415,-63.88744144798583,-43.21386137610764
114,322,121,418,36,328,-0.0667984508299921,0.0643908742779991,-0.0031796522233819,-51.60685334618421,-8.601142224364036,-17.715052935660903,-38.59441828845942
102,320,108,413,28,325,-0.0386778811684734,0.031906904591341,-0.0070415861333059,-35.032148060294176,-5.004592580042025,-19.66709561790772,-18.196741369047825
95,319,101,410,22,324,-0.0212419610049011,0.0214123776536831,-0.0059557957424348,-8.560712565415106,12.841068848122658,-7.925301540097263,-9.812940062990803
93,322,100,412,20,328,0.0144505704919538,0.0026935279919094,0.0144752530007705,111.77393463004553,-120.37192960158748,0.34518862442976506,24.040369717239333
119,294,127,384,42,301,0.1425741021271933,0.0190682009232539,0.1303466947418013,324.3156152937497,-284.3998472575959,-51.2339242668555,-38.694289248575835
273,167,278,258,197,171,0.1382390024347721,-0.0097819220655725,0.1163158086441744,169.95012078316591,-149.95598892632287,4.703148767206184,-9.827900438504672
307,137,312,229,233,141,0.0036577057552033,0.0001037365912242,0.0037753567174753,8.613144052299395,-8.613144052299395,42.60367490328369,38.92700462450106
309,135,313,232,234,138,0.0254845330995837,-0.0064549176630072,-0.0045786121570288,72.72642412002898,4.2780249482369985,12.397858275669318,25.175558231353993
326,136,328,234,248,138,0.0626351524917492,-0.0213679038211891,-0.0069334542737409,150.25300325580872,12.87882885049789,17.284309674510396,23.64539130062671
361,139,364,240,282,142,0.0998919848647065,-0.0534642297990068,-0.0177373857080439,230.28379844526376,50.06169531418777,59.91871450262408,81.42627760854656
407,149,409,255,321,151,0.0928717199492982,-0.0697485044000276,-0.0287469149840227,199.16729980246163,44.81264245555387,15.060785085599104,53.406030863982
447,158,450,265,355,160,0.0631875366177795,-0.0533058593939481,-0.020782366610015,146.46540653128636,30.15464252114719,42.75576825773879,30.0526224765075
481,165,480,277,389,164,0.0294923838887601,-0.0268080789098857,-0.0122680251827251,45.0315004401902,10.007000097820045,5.235733775013347,22.67024826903393
490,167,488,280,396,165,-8.004676253620565e-05,-0.0002306737063492,-0.0062968051778165,10.000867918949723,65.0056414731732,20.605371395472858,-12.267802127621438
492,180,488,295,402,177,0.0184123497665216,0.0014528071109817,-0.0822565608241171,55.97606801807629,258.3510831603521,0.3740649424689901,11.075024863331732
522,320,522,436,429,320,0.0350095527484459,-0.0105260437448136,-0.1340569460293897,39.99617613157542,309.97036501970945,-154.2326522012958,-125.08146197960096
530,382,526,482,438,378,0.0151793794024568,-0.0081347521816492,-0.0444653601674471,19.98289142534533,14.987168569008995,-29.7323401289438,-31.39267122228526
534,385,529,482,443,380,-0.0115975049451598,0.016706529225569,0.0017937790688676,-59.982109637461555,-59.982109637461555,54.722175778542294,38.59300321277022
522,373,518,476,432,369,-0.0342680809628714,0.0559670654288962,0.0066346101779717,-150.52230396554822,-81.7121078670119,4.473860547426147,-41.84397017240177
487,354,482,457,404,350,-0.0688026954368303,0.0874088518215574,0.0098972238957471,-174.76932454569703,-69.90772981827881,-95.63882483187122,-96.46702168894626
452,340,450,435,374,339,-0.0944751095760476,0.1132135991414957,0.0092250954455994,-205.3191173854437,-50.07783350864481,-45.22717206975708,-75.08233779333474
411,330,410,419,338,329,-0.0918331955845921,0.0889565317850046,-0.0013075710145063,-155.1894031894032,-5.006109780303329,-70.14146936613824,-67.4488468137824
380,329,380,412,310,329,-0.0644666944825098,0.0576000070386441,-0.0043493410492512,-90.47321971502296,0.0,-4.098121337305341,-43.54265337625718
359,329,361,411,296,331,-0.0340599868816577,0.0264624992676415,-0.0028769238421262,-34.85444297239673,4.979206138913819,4.977734742276592,10.140357996400635
352,330,354,412,288,331,-0.0103554768012555,0.0058371565898411,-0.001347257830486,5.0022170833487385,-25.011085416743693,-25.00350974435067,-16.600901755792872
353,325,355,405,288,327,-0.0030008628705466,-0.0123630238962985,0.0472705045428863,-12.902705557236102,-167.7351722440693,29.94280742442534,43.95583205685442
350,286,351,369,282,286,-0.0054815240857882,-0.0327667000657247,0.1537876828755892,-5.007095856134622,-315.4470389364812,29.982612066958325,46.8252646029609
349,150,350,245,273,150,0.0006668975084135,-0.0495101365082138,0.1332598914734619,9.971445314960961,-219.37179692914117,111.08803645977056,75.10021976849464
351,106,357,212,278,109,0.0043930899672552,-0.0225184007629494,0.0487549408615586,-8.612843377328755,-8.612843377328755,-44.02145436698904,-15.773807055171252
349,104,351,206,271,106,-0.0237272526876069,-0.0396150109500384,-0.0196052639448788,-94.59520292290173,73.0962931676968,26.562034861572982,29.017637162429573
305,130,314,249,217,137,-0.0316855337880694,-0.0980298382170893,-0.0479823016597651,-40.06293647012752,45.07080352889346,-46.63918123459388,-4.017279626426337
297,139,310,254,204,150,-0.0007457621192275,-0.0056176650403232,-0.0063333342783833,-39.830622913768295,44.80945077798933,67.868510958332,44.00900104670711
289,148,300,270,198,157,-0.0508065626619975,0.0252955892632913,-0.0528642217469921,-163.4267292824478,206.43376330414458,-136.78854431074066,-98.68197715339525
251,196,255,302,157,200,-0.1199931168103099,0.0612415166224012,-0.1170342456291847,-305.20585712666787,290.1957330056842,-35.97128682470574,-51.058226577971375
190,254,191,356,100,255,-0.1527433313259658,0.0688532720286477,-0.1380401027116811,-200.68113315877991,230.5698125654067,-29.855797346034343,-48.22488540313743
143,308,144,407,58,309,-0.0814215700276827,0.0339529025090731,-0.0765747781849492,-79.99988555924575,84.99987840669861,-19.222072863153837,-46.48843925509992
127,325,131,422,47,328,-0.0145819953807325,0.0052552964496265,-0.012725490814663,0.0,8.655768288215784,-0.5378937798196303,1.1356864908878654
127,327,129,424,47,329,0.0097928315847169,-0.0131720066810781,0.0027773909654129,5.000612810846515,-10.00122562169303,10.614236968557503,2.828542257323221
128,325,132,423,49,328,0.0179586458800314,-0.0172978418854506,0.0043224177581716,20.011708434223557,10.005854217111779,20.447284741929465,7.061811012391314
132,327,137,426,53,331,0.0317052816071721,-0.0402021107842152,0.0074068561285233,54.91187766824129,39.93591103144821,6.181596562663245,54.11291897822689
143,335,150,435,57,341,0.0499059360242406,-0.0657503930845143,0.0028661906445586,38.708950219135886,43.009944687928765,25.203041980784203,10.014703356507052
152,345,158,448,68,350,0.0392916793582355,-0.0566895714933808,-0.008054531807688,44.94731878777488,44.94731878777488,49.352850308856254,15.54930916793741
161,354,166,462,80,358,0.0295288182921058,-0.0433589986886297,-0.0061334443452802,9.977600791679754,34.92160277087913,31.303835033783137,73.35939442540432
163,361,171,472,75,367,0.0086454625648098,-0.0130729697667164,-0.0021233896665083,-8.592728259811834,4.296364129905917,-39.83402837870225,-33.52675280760036
161,362,167,469,74,366,-0.0162355564631067,0.0202066449540516,0.0044671006565698,-30.152815363080013,-55.99808567429145,31.9672741468769,3.1936441154576047
154,349,162,459,69,356,-0.0453389819185424,0.0550314223225959,0.0046959041415591,-59.8312322357699,-49.85936019647492,-42.20539437612402,-0.6468672023648409
142,339,147,445,53,343,-0.0589285751336263,0.0684585722052956,0.0016255339626696,-65.06669085120426,-55.05643072024976,-33.60173575706552,-116.4351276389315
129,328,136,431,55,333,-0.0693193811168294,0.0728944954346993,-0.000676835273247,-68.74175566404372,-21.48179864501366,-52.26210270514098,-32.605519578484795
113,323,119,420,37,327,-0.0520740731928512,0.0475361179820657,-0.0103611472295812,-44.98765449754558,-14.995884832515193,-34.93157627877158,-49.82477678679444
104,320,110,413,31,325,-0.0363433822986208,0.0297070135730257,-0.0057287321438746,-39.89687870453932,-4.987109838067415,-9.956634215135853,-0.7590711092235355
96,319,102,411,22,324,-0.0225527716828319,0.0177364365910166,-0.0019167179976145,-9.990077337696828,0.0,-14.641243526091792,-18.106135798050538
94,319,100,410,21,324,-0.0079953811972123,0.0053359654058861,-0.0033441104699857,-4.286546187406809,-4.286546187406809,-8.55410374698427,-3.1441037086620525
93,318,99,408,20,323,0.0269945143265161,0.0046516318536548,0.0241068376752655,125.56020467887572,-103.91189352734543,1.7477404788641064,11.592757685242095
122,294,131,384,47,301,0.1124802366903611,0.011869722519515,0.100936496033637,254.63992371855394,-224.6822856340182,2.3572335052659854,0.5103193863188269
243,192,251,281,169,198,0.1547042534453842,-0.015012656380226,0.1304076568885614,215.05558019851102,-200.05170251024282,52.760209478158146,35.062177665939856
286,152,291,247,213,156,0.0778155391836827,-0.004249151227947,0.0660712972457982,110.08080930992732,-80.05877040721987,-29.38200285086046,-22.951600285101588
308,136,314,228,235,141,0.0024267446836258,3.5531260994034687e-06,0.0013236509057084,0.0,-4.2967558464016005,33.242593422455215,38.83827640351024
308,135,311,231,232,138,0.0179500246108471,-0.0041835658660272,-0.0019100178108592,69.93179060093202,-4.995127900066573,25.364833920321495,5.831817103457786
322,134,327,233,249,137,0.0385024902423479,-0.0130470041254579,-0.0061918132174405,70.08520232359125,20.02434352102607,-5.919790458833632,26.81637038223072
336,138,338,236,257,140,0.0582033176344864,-0.0288523975555799,-0.0157338840857263,120.12039808119138,5.005016586716308,25.109363489386027,24.992238423512696
360,139,363,240,281,141,0.0778799112303403,-0.0419232986603701,-0.0181648652063168,184.9547107004085,30.108906393089757,47.23411380960956,64.44064428956524
403,146,405,252,318,148,0.0774302708790821,-0.052480006425518,-0.0216327702001295,159.84694830313083,54.94738847920123,9.884409024164903,19.332135556568655
435,157,435,264,349,157,0.0580045676872681,-0.0436453088516851,-0.0180914122028673,144.92256844618612,29.983979678521266,20.09247079566847,75.70498934504171
464,163,465,273,368,165,0.0389641428049199,-0.0346308230919292,-0.0147217192079464,81.74647361429533,17.209783918799015,69.08123092419594,32.13678842378261
483,167,480,284,391,165,0.0192661601151666,-0.0163564158885022,-0.0056393943198086,30.06041543804469,8.588690125155626,-43.1203733416847,-20.679965752131842
490,169,488,281,396,167,0.0074375777435997,0.0020866350919545,-0.0148280476980861,4.987524956626898,69.82534939277657,10.194104749145563,-6.782447117064141
491,183,489,296,400,181,0.0146265719443935,0.0038446652390038,-0.0682545774306406,34.999741317753596,199.99852181573482,24.60165822785036,28.651027190456297
498,223,498,339,405,223,0.027456922678204,0.0029304192216347,-0.1135843998833393,84.2347275372768,303.24501913419647,46.33780204301833,50.65301468425324
518,295,518,416,421,296,0.0323146472585379,-0.0035081154980222,-0.1185160419135675,39.419697559865135,310.9776140833805,-144.5060279370236,-132.16822002930544
527,366,527,470,435,365,0.0194906603399901,-0.0107799370722309,-0.067939504871982,34.81311509620995,109.41264744523127,-93.70309342052046,-87.46080882206311
534,388,530,483,445,384,0.0042803638288206,-0.0050868835942422,-0.018888842845651,-12.934284780342795,-25.86856956068559,51.87531684108177,53.926284486496854
531,382,527,483,439,378,-0.0139411377403716,0.0191020983231833,0.0083332397774577,-77.1338669881537,-8.57042966535041,-85.98639238827127,-93.9211005187166
513,380,510,471,426,377,-0.0358627644186484,0.047090936219912,0.0040658457363572,-115.99636583764475,-107.40404244226366,81.91416759072021,27.45181838762367
486,355,482,456,404,352,-0.0541258209664145,0.0718406977585733,0.0046508858808004,-139.85608604732036,-44.95374194378154,-75.59321088696585,-79.44222850757437
458,346,456,439,380,344,-0.0700595443292297,0.0903951677086221,0.0075729233929954,-172.22786715106528,-47.36266346654295,-47.602766190933195,-68.56594958863884
418,335,417,422,346,334,-0.0770824358286225,0.0832643409208599,-0.0036991392736164,-134.95025799301692,-19.992630813780284,-29.9869184334623,-53.09398997057376
391,331,392,415,324,331,-0.0617216074655176,0.0569685881431963,-0.0036921548650578,-99.96434529767863,-9.996434529767862,-19.915713736360644,-28.85092586878002
371,329,373,412,306,330,-0.0434990760578999,0.0374091119088885,-0.0052771442963396,-65.05589996897893,0.0,-5.003468004482854,-17.232297185553133
358,329,360,411,295,331,-0.0284988678759598,0.0240169055378765,-0.0041776784385583,-20.005313377166317,0.0,-29.749614458880576,-16.71484583709164
354,329,356,408,290,331,-0.0104172842604752,0.0053591205825611,-0.0037511084770475,-4.297416204408579,0.0,-4.418375489040373,-6.525649661998065
353,329,355,408,289,331,-0.0032679927926422,-0.0041486239748212,0.0236918345565869,-15.0038061260505,-80.020299338936,34.99800864045333,40.19882670852337
350,313,352,395,285,315,-0.0051022443907616,-0.0129096756287764,0.0890523524002041,0.0,-194.94882615623527,19.810455302454077,38.444268650322364
350,274,351,358,281,275,-0.003910470606251,-0.0367477604360251,0.1387049237194796,0.0,-283.7466305454166,26.53420768150527,25.827762238786065
350,208,354,295,280,212,0.002655376226077,-0.0602380453568976,0.1707564551428347,-5.002569087461089,-285.1464379852821,74.13224351050148,96.12276070292893
349,151,349,245,272,151,0.0010841442617476,-0.0394116220292966,0.1100998079371777,14.965956166319167,-169.61416988495057,25.97094853453671,9.538564536989371
352,117,357,214,278,120,0.0012835820399226,-0.0205025788117277,0.0570004297446797,4.289272788817201,-60.04981904344082,39.22848713113031,28.618675657552984
353,103,359,205,280,107,-0.0083052659379744,-0.0104981111301258,-0.0056243916695813,-41.552896081158,18.88768003689,6.299341787539658,35.36722130319446
342,108,343,211,261,109,-0.0336788516410712,-0.0814868546994762,-0.0456804243264675,-86.33729163998318,81.5407754377619,53.766104852036406,52.670622403162525
324,125,329,233,242,129,-0.0403874884878772,-0.1168217719975159,-0.0589585923364782,-97.58177015145716,22.177675034422084,80.41392247031779,91.43482689808097
302,130,309,247,215,135,-0.0170306729346813,-0.0591604348986261,-0.0309399323767489,-21.482018692201482,47.26044112284326,-33.785167371901565,-2.0944030217381
297,141,310,254,205,152,0.0011233370926483,0.0016944311471846,0.0003515787563215,-34.98706223165481,14.994455242137777,80.826399232302,72.63227518868834
290,144,299,265,197,151,-0.0376530078853751,0.024792035110157,-0.0357602008917641,-110.12206016963214,110.12206016963214,-52.09708830542765,-48.63708485127984
268,166,273,282,175,171,-0.0786954701563856,0.0452351927616935,-0.0729825850863038,-219.36151509620103,266.67478305812676,-95.65539299198767,-79.67457756065231
217,228,219,333,126,229,-0.1241229495330905,0.0629109177361561,-0.1100249313265481,-220.1760650926402,250.2000739689093,-95.06536318862162,-104.29221394604994
173,278,174,373,86,279,-0.1007769444764138,0.0394135932741018,-0.0982371311511201,-149.86347476552035,149.86347476552035,4.994836282968486,-9.530521473392485
143,308,145,404,59,309,-0.0629048004601664,0.0201218546861653,-0.053552197663067,-79.98806177933841,64.99030019571245,30.900407314485538,-2.4764173384812733
127,321,131,421,47,325,-0.0230522747971027,0.0045421897639384,-0.0221133490434614,-5.002258843958487,20.00903537583395,-10.708209310944513,-9.831670176838262
126,325,129,423,46,327,0.0020175469419983,-0.0035425983826683,-0.0019759935534896,8.542657747154436,8.542657747154436,-3.657040526412259,-13.275539569638955
128,327,133,425,50,331,0.010394215520277,-0.0101579325189799,0.0006093523335414,17.258148833544386,4.3145372083860964,15.190951077983895,11.02122145475958
132,328,140,427,54,335,0.0218094733009968,-0.0268681210336322,0.0045068419842215,0.0,0.0,-1.8256739228327774,11.359408406370255
132,328,138,427,53,333,0.0328576728366728,-0.0392295795868549,0.002016582387314,50.07896955123232,35.055278685862625,9.710154557061903,41.205483481380234
142,335,148,435,57,340,0.0388676551138406,-0.0510447185776854,0.0034287459266028,44.95722191985081,34.966728159883964,25.21924107521946,-15.421500221063003
151,342,157,445,71,347,0.0339093880142116,-0.0485244247718886,-0.0043085820547139,17.186407168269323,25.779610752403986,22.274071586072445,64.84329235726646
155,348,163,453,67,354,0.0259643796605185,-0.0400504922396033,-0.0045044743770877,29.983586713053427,49.97264452175571,18.99536085913249,-11.49176913013604
161,358,167,465,77,363,0.0153220284901327,-0.0223052473551556,-0.0027293827350029,21.512759516680156,12.907655710008093,56.616722707545705,89.86294049254094
166,361,174,474,74,366,0.0031415603360232,-0.0032156094261156,0.0038434260097579,-15.019494564153495,0.0,-15.610961547661828,-40.97117526797035
163,361,170,473,75,366,-0.0124823611587575,0.0164548658440707,0.0011563547154015,-29.960134622733726,-24.966778852278104,-55.12242663683418,-74.22348252240299
157,356,163,463,74,361,-0.0289446863176657,0.0394534440014302,0.0062527221380294,-44.99880913071311,-44.99880913071311,-40.70039538312368,-28.66069811531913
148,347,152,449,64,350,-0.0397902787858166,0.0493691972229089,0.0074009416081384,-35.01451736586077,-40.016591275269455,-24.486123647306922,-22.567095197707612
141,339,147,439,58,344,-0.0557746516439947,0.0615144444274689,-0.0021524858663984,-90.28486966255052,-51.59135409288601,-2.4826658252365297,-24.707535581999792
120,327,129,427,41,334,-0.0698983060399392,0.0749162762697694,0.0016384936012972,-39.841973526101064,-19.920986763050532,-36.903451958215165,-53.88936241972415
112,323,117,419,37,327,-0.0491872513072263,0.0479163211402986,1.3039249762245211e-05,-38.54909225336436,-12.84969741778812,-33.33642381842056,-31.931335989990007
103,320,110,413,30,326,-0.0305247024392618,0.0256440373754548,-0.0040864568562166,-30.150369176105738,12.921586789759603,17.51139834862256,0.9288681114090501
96,323,104,417,25,329,-0.0154421310954809,0.0152219229840494,-0.0053374503963368,-9.96407822921183,-14.946117343817747,-40.842250353960935,-22.47154914232082
94,320,100,410,21,325,-0.0064112229558344,0.0031397997588219,-0.0027204246894599,21.542017242636753,-21.542017242636753,13.847934376900952,18.06644811655457
99,315,106,407,25,321,0.0542726387702239,0.0066562753360273,0.044040512655358,158.933889367385,-154.63837884394218,-14.080370305531744,-0.16363125913677332
263,177,272,269,191,184,0.1297231897940911,-0.0129159201409922,0.105022974685109,174.6483136041878,-164.66840996966278,22.452160361215213,12.714167878912278
298,144,304,238,226,149,0.0529677140205177,-0.0028486453111664,0.0482115475787653,38.657417249875586,-34.36214866655608,-21.70092715011027,-9.938506914263764
307,136,313,227,234,140,0.015176726715177,-0.0010955792453047,0.0075202400509233,21.531246278249377,-4.306249255649876,59.5643266274575,49.862564111686254
312,135,316,234,238,138,0.0304848158216522,-0.0085141780511895,-0.0023030297413623,64.88666541318489,9.982563909720751,-5.483444801416601,13.366449256428865
325,137,328,235,248,139,0.0484124428339041,-0.0170394332921789,-0.0019323531353902,135.04649332436574,0.0,50.91158008782152,29.545242615549387
352,137,357,240,277,141,0.0699296674684446,-0.0392851543459018,-0.0147689580157809,140.16555312876704,25.0295630587084,-10.441198072518471,28.891263284942553
380,142,384,244,299,145,0.0874357423751858,-0.0547096985667002,-0.0211302711089477,184.98335555601142,43.01938501302591,51.03832677484706,68.73037969863961
423,152,425,260,336,154,0.0675252189125093,-0.0481851997143072,-0.0237799457161413,150.096406869914,35.02249493631327,30.320644695162514,54.655043159685285
453,159,456,271,362,162,0.0511789226964769,-0.0446006972859373,-0.0160926894123061,115.0540116665295,20.00939333330948,-20.369022964927627,-14.908639529394724
476,163,475,273,385,163,0.0267117567072291,-0.0233456111979081,-0.0102768058067285,59.97217515638964,29.98608757819482,25.043402500845332,42.21333024265158
488,169,487,280,393,167,0.0099907522237356,-0.0092109610092159,-0.0024866746710531,10.019083609331837,10.019083609331837,4.919638926694565,3.1986302883127222
490,171,489,283,395,170,0.0097935601546765,0.0040587865593569,-0.0214203994044124,12.891403280502423,98.83409181718524,38.99653052269007,2.7305133353573576
493,194,490,311,403,192,0.0199866930886147,0.0087496826055333,-0.0817872683158175,59.98747133615244,229.95197345525102,-14.068797581862773,2.1703238426544718
525,319,523,425,436,318,0.0297312011183041,-0.0012540138323354,-0.1134434774182581,14.953577391810711,244.24176406624161,-15.095288323037993,3.457595492092995
528,368,527,472,436,367,0.0198088328608302,-0.0098514455973722,-0.0676880266506386,25.88868794479456,73.35128251025127,-58.84051960524835,-52.759988293867465
534,385,528,481,444,379,0.001176415219664,-0.0030213525867142,-0.0113356068296066,-14.987704112565199,4.995901370855067,43.706910904205884,44.24822499563454
531,386,528,487,439,383,-0.0177378450934899,0.0238338949686751,0.0024584861024662,-74.9821049959419,-34.99164899810622,-74.73319424547003,-88.9178240931494
516,379,512,472,429,375,-0.0337804130338139,0.0473509887189148,0.0072573696257717,-105.1091110872445,-90.09352378906672,20.225393190501308,-0.029330116214853947
495,361,491,457,410,357,-0.0467367701409753,0.0644250190147494,0.0066922702224838,-134.03234637248397,-59.56993172110399,-15.733292350449712,-49.60676549026336
468,349,466,443,389,348,-0.0674521659838709,0.0879968203373301,0.011596655206648,-168.86571706414676,-69.27824289811149,-21.72721514728317,-41.23133453070617
429,333,427,425,354,332,-0.0837655319823374,0.0882530622762745,-0.0030691539869088,-159.78434105998502,-4.993260658124532,-79.95514999498643,-88.73120738992566
397,332,397,415,327,331,-0.0644069638395315,0.0575703143117299,-0.0046854027405275,-98.75739843657225,-17.17519972809952,4.35738235296698,-22.97858923199491
374,328,375,412,308,329,-0.0470267524266927,0.0359854237376371,-0.0126360080613879,-70.04824862248192,5.00344633017728,-14.901793486762982,-28.13977491653717
360,329,362,411,297,330,-0.0280099904491169,0.0228182178930602,-0.0053304978471549,-19.916729980246163,4.979182495061541,-29.552993909768446,-24.305182757192046
356,330,359,409,293,332,-0.0162624801464737,0.0117831783919901,-0.0016764737203038,-12.933885928557332,0.0,-13.200727727456545,-6.079007315470186
353,330,355,408,290,332,-0.0013943486353302,-0.0026719154311405,0.011640773998631,-14.987168569008995,-79.93156570138132,49.9418025327972,47.90658010408126
350,314,352,397,285,316,-0.0027663021841878,-0.0180697902646108,0.0701015714908231,5.008231818713717,-180.2963454736938,30.17195884291064,35.251347938277675
351,278,354,364,284,280,-0.0039629922214952,-0.0365280129347292,0.1420984894921264,-8.594083953237968,-266.41660255037704,30.06708900891268,31.43711590960055
349,216,351,306,280,218,0.0032492394750597,-0.0616671881176208,0.178603521662793,19.979464656797546,-284.707371359365,-4.207854717338268,20.06751446954852
353,159,357,248,280,163,0.0044625979935061,-0.051395770479665,0.1201353999930178,-4.99071774741469,-209.61014539141698,104.28451418698977,94.49700812493096
352,117,356,217,278,120,0.0044760196725462,-0.0270870965699679,0.0620016220271863,5.007544200850768,-70.10561881191076,21.188386619256775,15.780580740506345
353,103,360,204,280,107,-0.0015900587153869,0.0006722118984133,-0.0023031608353318,-34.48667582078754,12.932503432795325,7.262248079160101,32.19587181425387
345,106,347,208,266,107,-0.0260991560776985,-0.0506410548598845,-0.0348635774233943,-80.12596860814146,60.0944764561061,25.60678239636281,16.498581754160437
329,118,334,223,251,122,-0.0453454391073586,-0.1039169032555348,-0.0608794199681233,-79.82365465544764,34.922848911758344,146.58935888659855,140.17326627239717
313,125,321,245,231,131,-0.0321585598468844,-0.092751419608066,-0.0458304508861843,-59.89830593191597,74.87288241489497,-50.756063513975086,19.129617703112416
301,140,314,254,210,150,-0.0144079840355253,-0.0456331643573188,-0.0169799687027349,-20.03768857124772,45.08479928530737,-61.360608180095234,-42.08506258472291
297,149,308,257,205,159,-0.004145210485766,0.0027810461020147,-0.0042621329384662,-55.88553530284768,64.48330996482424,20.19513540445599,14.826426167548759
284,164,293,275,191,172,-0.0520141682440502,0.0284085894345903,-0.0518068777707455,-155.02842351381358,155.02842351381358,-47.093771931683804,-45.81396578540487
253,195,260,301,162,201,-0.0935870208777375,0.0511633400207262,-0.0892150222071534,-229.96677401898967,214.9689409307947,-46.93501343925205,-37.38960724297437
207,238,208,340,117,239,-0.1315189315309453,0.063608418456112,-0.122202289572197,-214.00754433990585,238.89214251896468,-39.660229743396584,-60.25204891170496
164,286,166,383,78,287,-0.0936798566175907,0.0391090325920845,-0.0860359246343066,-134.15499539312202,125.49983440001738,-8.115465727725926,-42.17725698088782
133,315,137,412,54,318,-0.0473312582637834,0.0215409347342254,-0.0466909779870571,-34.969893387550734,49.956990553643905,9.982913521316958,-3.3220530117134532
126,325,131,423,48,329,-0.006279371307248,0.0043835687856337,-0.0079309329760746,0.0,4.990925598474987,-34.90602351491144,-1.5977997057795241
126,326,130,421,45,330,0.0023114781017855,-0.0035258811258803,0.0006188056863156,4.3016958365597135,-4.3016958365597135,38.518203863706994,14.305185729762481
127,325,131,424,48,328,0.005421842592558,-0.0059226361229275,0.0020643112970155,21.46221051909815,8.58488420763926,-1.6674537283001782,-14.274412664773687
132,327,141,425,55,334,0.0130602643183656,-0.01337937129653,0.003579306236167,-10.001833775084748,-5.000916887542374,-2.4050774020234833,8.660951271109745
130,326,135,424,52,330,0.0171627366828677,-0.0182151674991958,0.0030916023309846,14.959675290861496,9.973116860574331,6.192802795837777,13.02039023060245
133,328,140,427,54,333,0.0226440392199573,-0.026094283533607,0.0039681692441593,38.59958668939433,25.733057792929554,12.278276188417205,32.81918003935353
142,334,148,434,58,339,0.0293759848689365,-0.0390773286141454,-0.0013831001800545,17.21875657484885,17.21875657484885,60.686553655939534,35.979770965589154
146,338,153,446,65,344,0.0270729402362605,-0.0390478537150466,-0.0042108494313753,25.054441972765883,30.06533036731906,-45.63183469417865,-30.359471586098326
151,344,158,447,69,349,0.0235298080581807,-0.0325775163127583,-0.0032157508962746,34.88463288717794,34.88463288717794,36.14046519072681,69.15350947845128
158,351,166,457,69,358,0.0215932310941435,-0.0329243022611931,-0.0016130032472675,4.307943234585123,17.23177293834049,59.32325939262735,22.392090599811272
159,355,166,468,74,360,0.0112144467344593,-0.0175853466059674,-0.0027468869850364,14.99472326957086,29.98944653914172,-50.69329800089476,-24.03906524777814
162,361,168,469,75,366,0.0063132461648957,-0.0097594821826025,-0.0036517963220661,12.865279146712036,0.0,52.5826718005867,63.44378666359314
165,361,173,475,74,367,-0.001415378961884,0.0029364805349533,-0.0003578589804925,-21.532793803276206,-17.226235042620964,-53.163567460240564,-79.41380768061222
160,357,164,465,76,360,-0.0131418822285567,0.0161929440889356,0.003388599003299,-14.979532313421197,-9.986354875614131,-23.707620307519804,-37.34228626817248
157,355,163,461,75,360,-0.0208402236369107,0.0251351837558212,9.92284879765264e-05,-45.04273057579068,-35.03323489228164,-30.810914762390397,-15.37436745445107
148,348,153,450,65,352,-0.0314376545594366,0.0370091606011317,0.005730642195066,-29.97508689095929,-49.95847815159882,39.9210957789608,66.87012405024134
142,338,147,445,54,342,-0.0399388198606389,0.0448914288512669,0.0019831927791274,-52.22689556962742,-33.235297180672,-46.61859260291061,-95.86080707721506
131,331,138,433,53,336,-0.0481728125666915,0.0585590951608078,0.0010420697682639,-58.060995724698266,-22.331152201807026,-33.46267695051523,-31.067084559633532
118,326,128,424,40,334,-0.0448896865045455,0.0470242280418436,-0.0046796936471433,-30.27669436862127,-17.300968210640725,-20.163644738469603,-39.85084075983444
111,322,116,418,38,326,-0.0373376664113325,0.0368255303497115,0.0016196762758818,-29.981121982775576,-9.993707327591858,-24.35919266244456,-19.27171084438224
105,320,111,413,32,325,-0.029859895281957,0.0288326879631746,-0.0039679791396945,-30.167810798508473,-4.309687256929782,-4.568080212152852,2.5670255777680726
98,319,103,411,23,323,-0.0212038094238966,0.017983726283163,-0.0003801998695638,-15.00686602017706,0.0,-25.25742950472631,-28.264409570629073
95,319,100,410,22,324,-0.010864065727203,0.008107755378076,-0.002933878229889,-10.000712922373722,0.0,-4.379212474319359,2.806803020990362
93,319,99,409,20,324,-0.0035479244001013,0.0038144983077186,-0.0047903926405558,0.0,4.9897737276642316,-4.978536187726438,-7.26833719056121
93,320,99,409,20,325,0.0109443609909529,0.0022536173028715,0.0086909835421501,68.60914006581928,-51.45685504936446,4.278414028234494,-5.6516785390278095
109,308,115,398,37,313,0.0612358058152503,0.0071797822706084,0.0605866144747473,137.32736894233014,-133.03588866288231,-0.5264432384076839,6.064249801624839
141,277,146,366,68,281,0.1167476018705842,0.0085643726961605,0.0989405103030675,257.84893508239327,-214.87411256866105,-4.519787331855754,0.25996188921303687
201,227,205,316,127,231,0.1581545397880913,-0.0071031480083357,0.1295273472977006,248.55517773903483,-198.84414219122786,20.718528201545077,6.7239763932765175
251,187,257,278,178,193,0.1151604321995145,-0.0039729882060827,0.0977015220538714,142.41723181019825,-142.41723181019825,21.267962117096722,25.26285039342288
284,154,290,247,210,158,0.0500432668810687,-0.0068002177885249,0.0412089411024938,95.15742716481608,-90.14914152456261,44.272981316693865,24.067491060891435
303,136,307,234,232,139,0.0229034160737148,-0.0042569625853931,0.0139086554874913,25.006939906609375,0.0,-59.189857701539616,-38.53947424854766
308,136,313,228,234,141,-0.0001933375721772,-0.0010347168673678,0.0022982963802251,4.286546187406809,0.0,0.0,-5.724987356895335
309,136,314,228,236,141,0.0092698262511541,-0.0018831276210759,-0.001701675751686,0.0,-5.003297117527211,44.020960311127354,52.51991106484298
309,135,313,232,234,138,0.0128060617768961,-0.0038519623811515,-0.0012942341674855,47.00682932196845,0.0,12.975150140168918,-1.5451901769761898
320,135,324,233,247,138,0.0203528613474361,-0.0043958411674515,0.0003538117123866,17.232144617912905,4.308036154478226,-0.428357624761644,23.069069077820938
324,136,327,234,247,138,0.0278116499913438,-0.0134245752853867,-0.0030850935978137,73.08071011205553,8.597730601418297,-3.471433636412704,-16.42291051862179
341,138,346,236,266,142,0.0345957928702278,-0.0107755085212327,-0.0058925414419419,69.88543218809956,9.983633169728508,19.703557293655095,31.94625654811691
355,140,359,239,277,143,0.0406389957792489,-0.0244851472902049,-0.0051077543231424,79.88285078640293,4.992678174150183,9.975261252472466,16.822818653318073
371,141,376,242,292,145,0.0446641264991362,-0.0314333201615243,-0.0118018556882605,94.78033075445558,0.0,49.17523690917759,53.46745632571775
390,141,392,247,308,143,0.0480673696872995,-0.0283184450134114,-0.0078421682252863,98.96224684706496,30.11894469258499,4.139168950868665,23.0416998891506
413,148,415,254,328,150,0.0406909852747501,-0.0300483008124819,-0.0158841769483035,81.61670601127597,30.069312740996406,-8.64149847606911,-0.8927919242551303
432,155,431,261,346,155,0.034615611845211,-0.0282910879913165,-0.0077108402082925,89.84093694740025,14.973489491233375,70.00699210208482,78.3768432831491
450,158,452,270,360,160,0.0275751006437943,-0.020259232882786,-0.0080369107843701,68.96952381343897,17.242380953359742,-8.775128035790713,6.073575606900848
466,162,467,273,374,163,0.0216940212211332,-0.0178516499255361,-0.0037341039846455,59.88547768199747,4.99045647349979,-14.686563123951068,-26.882708195014903
478,163,476,273,388,161,0.0145784448381944,-0.0131577752427362,-0.0048838306014552,30.01781328613024,20.01187552408683,74.93004201145457,79.85561945321638
484,167,482,284,391,166,0.0108981729826126,-0.0096450970864023,-0.0046532877276112,24.951421425970928,0.0,-44.80595031779524,-25.143851131135488
489,167,487,280,394,165,0.0038134496981028,-0.0030310606116836,0.0009719446483765,4.312332541665382,12.936997624996145,-4.513374800223581,-4.55648084109625
490,170,489,282,396,169,0.003377627883863,0.0003632380178435,-0.0082667993936977,10.00557972215894,20.01115944431788,-8.924063108246386,-23.684262798218764
492,174,487,285,401,170,0.0047478357732485,0.0020486841529214,-0.0253066764260283,4.984697588408389,79.75516141453423,-14.438627057481138,-15.882914007337954
493,190,487,299,403,184,0.0093308713525614,0.0061936396630514,-0.0372510298690276,12.883576013425309,90.18503209397716,63.750048074889314,40.84814871159568
496,211,491,328,406,208,0.0123578684323935,0.0044654052691543,-0.056841095504492,47.31210353066645,141.93631059199933,1.3215706799371048,7.930611123544779
507,244,499,361,416,238,0.0181645387776761,0.0038568650515806,-0.0773386282615474,29.986587801285932,204.90834997545386,2.608089940690409,15.488241427453845
513,285,513,402,420,284,0.0212259954983494,-0.0063340759110282,-0.076897739741599,30.025707866271652,214.46934190194037,-90.04616306033319,-71.93036551920909
520,335,519,442,428,334,0.0146251545833255,-0.0006565882652215,-0.0564315901464302,30.060753993322376,111.65422911805453,0.05016458763873483,0.0
527,361,526,468,434,360,0.0109885964716984,-0.0028605297303516,-0.0404246712780694,17.15860020679647,77.21370093058412,-29.278865754691097,-19.79130653997292
531,379,527,483,438,375,0.0080666864010792,-0.0042084751150902,-0.0229450874654703,19.996991610120304,14.997743707590226,-33.52574922439751,-39.940726796477904
535,382,528,482,444,376,0.0015188975705137,-0.0009479318011777,-0.006247299037938,0.0,25.007566118575212,-55.56097010343819,-52.91836142346994
535,387,529,481,446,381,-0.0015587269788162,0.0041764739500879,-0.0028961969989599,-17.197646873106844,4.299411718276711,24.435804554378933,30.781745770170218
531,388,529,485,440,385,-0.0112725619430692,0.0134588496088467,-0.0006981325991043,-34.98481098632667,-24.98915070451905,-15.196682013245576,-29.021571417573046
524,383,523,479,435,382,-0.0129693452779846,0.0237463909240684,0.0027132189090215,-65.03432893854855,-30.01584412548395,-34.27080957160181,-30.24891278142046
511,377,507,470,424,373,-0.0194318321211124,0.0265889243729535,0.0032052815086765,-55.031607423372975,-105.06034144462113,139.96683806444216,95.95357960966317
500,356,496,463,414,353,-0.0237879064919161,0.0329470700856107,0.0041012628975611,-73.10161390529817,17.200379742423095,-107.41656936182265,-108.8044078935145
483,360,479,454,402,357,-0.0314387109375902,0.0476266637580035,0.0059808954068731,-70.00165227975266,-55.00129821980566,4.480056829056739,-10.937553326625
469,349,466,444,389,347,-0.0366386566333475,0.0461885733755615,0.0030871507095278,-95.05130676234005,-35.01890249138844,-15.123764587379158,-24.19579225093545
450,342,448,435,373,340,-0.0413061928617033,0.04869984559246,0.0031342819708346,-95.06933619962568,-35.025544915651565,-15.17145060676693,-28.931984438060137
431,335,430,427,357,334,-0.0486310242904672,0.0526959258693744,0.0044000919001758,-94.88946201529345,-14.982546633993703,-30.005565117835143,-39.78201450718152
412,332,412,420,340,331,-0.0421576456526843,0.047026407600814,0.0037497712376267,-73.09861621138403,-4.299918600669648,-38.71141397181381,-33.13920818103825
395,331,395,415,324,331,-0.0352650994857605,0.0309707846338058,-0.0050878988984423,-60.01672734123754,-5.001393945103128,0.13395523126601191,-26.943257321492943
383,330,385,414,316,331,-0.0295394841265324,0.0250459679733816,-0.0014362112499087,-51.43235176001612,-8.572058626669353,-4.349496667260063,-14.157607863408327
371,328,372,412,306,329,-0.0206184185799381,0.0165734286902341,-0.0027077212236515,-34.98610333248332,0.0,-4.99765421969051,4.9879394642340165
364,328,365,411,297,330,-0.0197922548447349,0.0137272459035782,-0.0023372432390135,-21.522893485306593,0.0,-12.635568491308044,-15.916948480617277
359,328,361,410,293,330,-0.0144957889131105,0.0091006975658543,-0.0054055921389245,-9.960209543440373,4.980104771720186,-14.55992040714119,-28.084126584697714
357,329,360,409,294,332,-0.0099435065714615,0.0071576008718102,0.0001388267405862,-17.240857129938306,4.310214282484576,-17.679542861771104,-9.35452498544354
353,330,355,408,290,332,-0.0032980340396931,0.0019501017697888,0.000350108799093,0.0,-4.297565913776216,13.010121428892212,9.32707403443438
353,329,355,409,289,331,-0.0009127095405131,-0.0001184115728082,0.0074576879100521,-4.994420086735145,-44.94978078061631,29.634510655397374,40.917450307177276
352,320,353,403,286,321,-0.0018316195862659,-0.0043554764526701,0.0253889686153901,-4.285394342136453,-55.71012644777388,0.1558039109797136,1.142549569404323
351,307,353,390,284,309,-0.0012878024868623,-0.0123054090282099,0.0528663512095938,-8.612498511299751,-107.65623139124689,8.725993180242925,3.7795738464814668
349,282,352,366,283,284,-0.0018556933183451,-0.0283620228784975,0.0907517863244639,4.995669304468383,-194.83110287426695,25.12714659188492,37.88492344033259
350,243,353,329,281,246,0.0002055404951628,-0.0425425622630866,0.1382879219885989,5.011211683855366,-260.5830075604791,20.67297232719188,27.341376459062275
351,191,355,279,280,195,0.000911153367183,-0.0477773871352404,0.1418384460134064,9.989256492605653,-234.74752757623284,29.929951145363194,42.30856309869988
352,105,357,212,279,108,0.0028074417869264,-0.0174014105800864,0.0391053729248219,-17.19722379678898,-4.299305949197245,-82.29401088280713,-55.41241750503892
348,104,351,201,272,106,-0.0140234704589906,-0.0274939675486176,-0.0150037714750381,-39.996414505993314,34.996862692744145,69.96283220265403,60.740433992477776
340,111,344,215,264,113,-0.0363572107026638,-0.0861176233874543,-0.0511602900901097,-99.95969966599105,59.97581979959463,55.682794556806094,75.69110235426186
320,123,325,233,239,127,-0.044697246447419,-0.120019833337247,-0.061317288754061,-84.93851820438661,39.97106739029958,80.88012628875734,97.769117932547
303,131,310,249,216,136,-0.0211081699018583,-0.0654359668594854,-0.0330574468960845,-25.84017504823376,77.52052514470128,-74.0964630073214,-26.164196345443035
297,149,309,258,204,159,-0.0030939657825689,0.0052559601868442,-0.0025399044901878,-44.954598503289255,34.96468772478053,48.279075901157306,31.53443983451118
288,156,298,270,196,164,-0.0511886018041803,0.0285624778549589,-0.0546343179574732,-170.02002475076367,190.0223806037947,-97.66799251749728,-70.9731201346828
254,194,260,299,162,199,-0.1028469887711439,0.0531013384215814,-0.096887437175134,-262.5243375135699,258.220659849413,-31.5964778156456,-44.22195265767191
193,254,194,355,103,255,-0.1345454901807362,0.0604194611682338,-0.1248766011795285,-194.69706700818654,204.68153198296534,-39.9373503414042,-52.694405403734066
154,295,155,392,68,296,-0.0869843407677028,0.0326842630290887,-0.0819629326035217,-114.96255901917932,119.96093115044799,0.6181500752301438,-38.6147456155921
131,319,135,416,51,322,-0.0420264254483555,0.0177283949017337,-0.0392067183781897,-20.030774667730057,40.061549335460114,-24.823193501664527,-22.30241312724813
127,327,131,421,48,330,0.0012834101125381,-0.0009749145090172,-0.0015451910534523,0.0,0.0,33.844162270436804,32.5060943382494
127,327,130,426,47,329,0.0035727947833212,-0.003573649116406,0.0046895446348292,14.98274287442533,4.994247624808444,-19.132335116245887,-23.324548689828788
130,328,134,425,50,332,0.009417527644487,-0.0086077570703359,0.001920403989323,9.977209176749604,0.0,27.11646881229188,6.451179053537005
132,328,140,427,55,335,0.012589745052626,-0.0130737228598999,0.002568681564547,-4.997478803360962,-9.994957606721924,3.0268986018549735,19.201157586965625
131,326,136,426,52,330,0.0166984406736985,-0.0193541213756191,0.0027910281612792,25.873383416285158,17.24892227752344,22.54748931043706,23.4059181099977
137,330,144,432,56,336,0.0221762860513633,-0.0269822461219366,0.0044323933446616,39.8676781778541,34.884218405622335,-5.608671476534484,34.31155878120393
145,337,151,439,59,342,0.0279010628351169,-0.0360989571635412,0.0004725799820041,4.910276297166086,9.820552594332172,53.66025206844604,7.572801095350314
146,339,151,446,64,344,0.0258902884267714,-0.033897409857472,-0.0041071748112425,30.69107725629656,39.45995647238129,-56.66727482275709,-28.22067507774759
153,348,159,449,69,353,0.0205113113957576,-0.0274464430387164,-0.0002155979121531,29.968340464449412,9.989446821483137,103.56275696720269,84.94278576645772
159,350,170,460,75,358,0.0162818841673393,-0.0232436910958901,-0.0042157577893426,0.0,19.996896271831286,11.14264624351665,10.5859444003098
159,354,165,466,74,359,0.0118647378306082,-0.0173178918409427,-0.0023641934069375,12.87367686568844,30.038579353273025,-39.36089178134765,-22.28060615871652
162,361,166,468,75,364,0.0057519439611676,-0.0085066491359391,-0.0040368734415518,12.87216236040056,0.0,65.54894364323701,74.83440368317547
165,361,172,476,74,367,-0.0011715601099282,0.0028000614935003,0.0016370555098993,-14.981226604691924,0.0,-40.17659422547754,-48.98328311293661
162,361,169,472,74,366,-0.0098191999317491,0.0113240278355723,0.0038551199902579,-25.847314288531418,-43.07885714755236,21.04858231987143,-2.3076766199891137
156,351,161,465,71,355,-0.0220052651267662,0.0277678194704716,0.0033644287154423,-15.014709339302827,-5.0049031131009425,-83.73868977238962,-38.50776959627628
153,350,161,455,64,357,-0.0237810528106919,0.0308027616185716,0.0017287649309776,-39.86867294658898,-29.901504709941737,-26.806671754365816,-70.0651663410863
145,344,149,447,64,347,-0.0313644719030065,0.0386441591848028,0.0062574349372932,-24.98474456528862,-24.98474456528862,-29.243394041186015,-23.814810978699555
140,339,146,438,59,343,-0.0421166532666009,0.0471787011900052,0.0026030342259211,-73.32850120323332,-51.761294966988224,-6.39753388305218,-13.205600797359772
123,327,132,426,44,334,-0.0608462284888636,0.0601698701776877,-0.0038618255756923,-49.72140722484801,-24.860703612424004,-37.30334228722306,-37.92440337515212
113,322,119,417,35,327,-0.049385535551115,0.0468764302599895,-0.0049579829341632,-34.35430324239263,-4.294287905299079,-16.882820586177978,-47.611515421726565
105,321,111,414,33,326,-0.0331596981544566,0.0277456144022023,-0.0023968070798399,-39.95398099846755,-9.988495249616888,-4.6471499896103925,13.029966997268655
97,319,104,412,23,324,-0.0232584288043968,0.0167666800045552,-0.0036916449929144,-12.925170515243654,0.0,-26.08476301238219,-24.59159156608461
94,319,100,409,21,324,-0.0084518288555177,0.0043959237928275,-0.0008455326002577,-4.285267370473032,0.0,4.275723333628896,0.0
93,319,99,409,20,324,0.0203235437210111,0.0038875503620135,0.0203473840654296,95.13720630668382,-70.1010993838723,-0.31925368675692484,10.491944492432152
112,305,117,395,37,310,0.0945938169362606,0.0082901681399804,0.0838565903094347,240.29732572176874,-214.55118368015067,-0.4760390336631625,-5.291095400415016
248,188,256,276,174,195,0.148252526167743,-0.0087990677321237,0.1261724848387529,197.11303519854027,-171.4026393030785,27.888662688674557,10.893891063222732
294,148,299,239,222,152,0.0630098296860043,-0.008993266029632,0.0491277480532766,60.320808328179936,-47.39492082928423,8.356259708339438,17.9006192514975
308,137,313,229,234,141,0.0049876579629678,-0.0026734596018889,0.0053250744509394,4.999319407610477,-4.999319407610477,49.45996477472991,42.085775372895846
309,136,313,233,235,139,0.0298287712641322,-0.012684058589104,-0.0020408472184868,80.04416041068801,10.005520051336001,-29.232851960844247,-24.259802644052872
325,138,330,232,250,143,0.045726935350982,-0.0148223891053908,-0.001486762580206,89.98077803203661,-9.997864225781846,48.697535574739526,69.14476859620186
343,136,346,235,263,139,0.0637655896251415,-0.0268576110685922,-0.009514835883381,146.20247836022654,21.500364464739196,26.045289770899657,24.732775381209272
377,141,381,243,297,144,0.0880467540659687,-0.0545599280935579,-0.0223321306481995,195.2804683545513,45.06472346643491,59.58943244301807,83.99295438579415
416,150,418,258,330,151,0.0723681655146641,-0.0551907904954585,-0.0239061717171213,159.96678088518357,39.99169522129589,45.164202933995234,55.62533147083473
448,158,450,271,358,160,0.0532180196151084,-0.0415451161389402,-0.0151436723394657,120.08557696092997,30.021394240232492,-40.294938324666504,-21.138977775281493
472,164,472,272,381,163,0.0347618319661826,-0.0287993328049421,-0.0124390268326724,69.9833814029986,19.995251829428174,85.13918943967641,90.47239523207085
486,168,484,285,392,166,0.0123863980409984,-0.0127477176777988,-0.005596996760162,17.18776290474269,12.890822178557018,-43.077935710733016,-34.85065441584614
490,171,489,283,396,170,0.0110141091614124,0.0001749690648358,-0.0298365806093632,12.848477174724378,102.78781739779502,38.73693165388366,10.562853934443067
493,195,491,312,402,193,0.0222942430026693,0.0076810854533654,-0.0876778931151717,65.07220412206271,245.2721539985441,20.429372251217313,22.362838393369763
506,244,502,362,415,240,0.0361442369853295,-0.0024600251949993,-0.1398162867009174,75.01688383539692,335.0754144647729,-15.507475825645336,1.939117003470966
533,374,530,472,441,372,0.0125349093505091,-0.0029549547378072,-0.0483784099711371,9.988554717547292,64.92560566405739,-28.688411837646886,-32.66974115622126
535,387,529,481,445,381,-0.0007080232128057,0.0003422712107207,-3.4858366374830184e-06,-24.970940789700865,4.994188157940173,28.828704703890025,26.518100713969197
530,388,527,486,440,385,-0.0181390456640429,0.0238469355038442,0.0016954701967612,-81.9742675043923,-69.03096210896193,0.14373420251599905,-25.11605751238679
511,372,507,470,424,369,-0.0410570025253014,0.060125598252952,0.0092752120380827,-124.93027168130736,-79.95537387603672,-4.9939776434341425,-39.11800156241283
486,356,482,453,404,354,-0.0544967145773669,0.0699902032405509,0.0073026338596089,-149.5647460721596,-59.82589842886384,-30.529096270246256,-42.0163187889632
456,344,456,438,378,344,-0.0695872901751526,0.0851428640675559,0.0055226995703833,-175.7496509871494,-47.152345386796185,-51.438144952988566,-72.36664151946205
415,333,415,421,343,333,-0.0755349128167063,0.0749703913113604,-0.004305877610399,-124.86417824186947,-8.611322637370309,-38.64717230655024,-67.87827475112448
386,331,387,414,320,332,-0.0560001177691603,0.0452408665399265,-0.0066023249551189,-89.88372109635621,-14.980620182726035,-14.73464901265113,-8.950579700000047
368,328,370,410,302,330,-0.0386331362417186,0.0282629102136722,-0.0075919969156032,-55.00162606278226,5.0001478238892965,4.755483915204381,-11.396025986173296
357,329,358,411,293,330,-0.0230200889111792,0.0150175700877209,-0.0060045793919529,-21.50212801297622,-4.300425602595244,-8.388416150562286,-7.296857091948954
352,328,355,410,289,330,-0.0013720691214179,0.0033861071068614,0.0013357570187947,0.0,-20.00545650535635,-4.998998274078575,2.558021819473171
352,324,355,405,288,326,-0.0025861723114683,-0.0104887000647995,0.0443403822367814,-8.585253225121406,-128.7787983768211,12.871861855753599,26.509723462113868
350,294,353,377,283,296,-0.0039544100670177,-0.0241159009420307,0.1179757869334533,-5.003858203275058,-235.18133555392777,40.01334742221732,40.209661163697746
349,247,351,334,280,249,-0.0012332465622126,-0.0463179174631638,0.177659143515736,-5.001423764222738,-305.086849617587,29.87074289023663,52.571881902102284
348,186,350,275,275,187,0.0025664709644921,-0.0515640166153023,0.1509785949074346,14.935189394433953,-268.83340909981115,80.05716250239567,56.20546349339801
351,132,355,230,279,135,0.0027659024677003,-0.0377768457620609,0.0916040559947678,-4.312447820490148,-112.12364333274385,38.65081230292109,55.22610432599345
350,106,354,208,274,109,0.0002755724772043,-0.0121326358899728,0.0176111629677224,-10.008970193614438,-10.008970193614438,0.0,-3.1298616437723936
348,104,351,206,272,107,-0.0145584160130002,-0.0270364570732424,-0.0126120587902732,-39.86014796793553,34.87762947194359,34.863053603988355,33.5436242533686
340,111,343,216,263,113,-0.0384689474038589,-0.0876932367636541,-0.0565276265195281,-103.23540614407979,68.82360409605319,53.139302181900874,52.38162319020708
316,127,323,238,237,132,-0.0400904090635594,-0.1109201413082253,-0.056075396627902,-68.6320142932092,42.89500893325575,40.79084765620872,100.70345593715686
300,137,310,254,208,146,-0.0164122526515678,-0.0479043970465344,-0.0207489998644383,-10.01420366707216,65.09232383596903,-79.26749141875838,-49.73864491828454
298,150,309,258,205,159,-0.0139849512559219,0.0077144167965926,-0.0142205599335767,-80.00484495892992,65.00393652913057,47.99391270573606,31.59508338272682
282,163,291,276,189,171,-0.0636969845274299,0.0386651372547532,-0.0580443991949308,-180.98120232389707,198.21750730712535,-62.58816572703784,-72.18179273190123
240,209,245,315,151,213,-0.1220452772700588,0.0650109900148959,-0.1116032358608347,-274.84856247237366,279.84580906278046,-85.90742496471202,-83.99005541318745
185,265,185,362,99,265,-0.1351323378950413,0.0632324046780521,-0.1231772874788988,-194.9595142038175,189.9605523011555,-4.883013532144763,-14.504773269049473
146,303,147,400,61,305,-0.0746619519311689,0.0292919573226236,-0.0728643813918399,-94.80976129744549,89.81977386073784,20.461464662554718,-12.799411371485592
127,321,131,420,47,324,-0.024351720276861,0.0046365321757603,-0.026325445853557,0.0,25.868197292896742,-47.220902273197794,-29.460923879533492
127,327,131,421,47,330,0.0038685510969913,-0.0045706482788661,0.0014030674112099,9.99482661042899,4.997413305214495,40.161897185281724,15.821467806109517
129,328,134,425,51,331,0.0155976218533461,-0.0163176823785935,-0.0001104981420679,4.9845494918956454,-14.953648475686936,5.487236183967989,2.908260731738502
130,325,135,423,51,330,0.0266769496616212,-0.0320610418217932,0.003515401337979,25.03524018718366,25.03524018718366,31.282705558098886,41.502251836506694
135,330,143,431,54,336,0.041574505539235,-0.0545872660377491,-0.0017275732527476,47.37243820898466,34.452682333807026,38.36211375605844,32.27267835691981
146,338,153,444,65,343,0.0410966360352521,-0.0558947045563773,0.000222865863756,38.57919168010597,42.865768533451075,-8.257485001154105,27.898840592979127
155,348,163,452,67,354,0.0301820557021103,-0.0448448426603478,-0.0092986580163136,30.046556609011166,50.077594348351944,33.76394212725775,9.809391040180913
161,358,166,466,75,363,0.0178251606358204,-0.0263680774369108,-0.0005200908977209,25.000292066171465,10.000116826468586,65.73895424835395,93.99937245811492
166,360,173,475,74,366,0.003735545601769,-0.0039679642587213,0.0017515160749948,-25.00506145886865,0.0,-70.98994948077494,-90.71002884524123
161,360,166,468,75,364,-0.0160312673542498,0.0188633789167147,0.0045765458787618,-35.01727360226706,-55.027144232133956,-30.208613282146892,-22.341878146759182
154,349,159,454,67,353,-0.0389285850595408,0.0460932142954455,0.0094396212126933,-51.626756821627346,-43.02229735135612,12.894907918501426,26.96704902921862
142,339,147,445,52,343,-0.0599383211421329,0.0675250999943929,0.0049206919997014,-69.90082268814635,-54.92207496925784,-38.83068453666038,-119.53944635720337
128,328,135,430,53,333,-0.0765540103585833,0.0824343774953776,0.0020001246379067,-80.12271602815744,-30.04601851055904,-65.5869745851959,-35.7818029098397
112,322,118,417,34,326,-0.0634246790891686,0.0585420396317824,-0.0024877333396048,-40.00972030281748,-5.001215037852185,-28.94462320812391,-53.148155884256255
104,321,111,413,31,326,-0.0383387806509742,0.0322223488034945,-0.0067345592523821,-38.67365513623828,-8.594145585830729,-13.466158570109348,-8.974419961466523
95,319,101,410,22,324,-0.0196948996262638,0.0194981653096155,-0.0049445600399501,-15.003573553557397,15.003573553557397,-4.645731866757354,-7.623951871208015
92,322,99,412,19,327,-0.0040695436886868,0.002747065690177,-8.320426171218537e-06,49.93623293314221,-49.93623293314221,4.980863154461597,17.19626302898112
102,312,109,403,27,318,0.0718823177094929,0.0133532156259123,0.0656933716051666,227.80974087062387,-214.91484987794706,-9.39664137025159,6.0777351580174335
236,198,241,288,163,203,0.1894089199110367,-0.0161489067405926,0.1554223436086624,270.0916983076073,-245.0832077235696,27.07438753446245,31.14066810631188
290,149,298,242,217,155,0.0862190106748078,-0.0051462026733631,0.0766744794834137,72.96598994485326,-51.50540466695524,-6.090789301052936,-5.050513540412774
307,137,313,229,234,141,0.0121994830624443,-0.0018410525264815,0.0064076980928305,42.94239542636231,-8.588479085272462,46.60994141168303,34.59745660941699
317,135,320,232,243,137,0.0386559022887793,-0.0161580661439689,-0.0058831551330626,65.10856850818307,5.00835142370639,14.712135860600537,38.39836753527977
330,136,332,235,252,138,0.0597506694212806,-0.0227260213868436,-0.0056799969837317,149.51374126800619,29.902748253601235,29.637024629061806,37.264748705398375
360,142,361,244,280,143,0.0866326062169523,-0.0423552267871592,-0.0110415799312024,206.97727868538988,30.18418647495269,34.708150866538666,54.991396521009996
408,149,410,255,322,151,0.0861504724589058,-0.0612823319494148,-0.0191192764858966,179.65854011754863,42.77584288513062,47.146459578919114,66.32613265114087
450,159,453,271,360,161,0.0594411212603923,-0.0489773742141032,-0.019101523664644,140.10318249004172,20.014740355720246,-25.135366444170074,-23.385894984294264
478,163,475,273,387,162,0.0310990895914449,-0.0280591189095653,-0.0113202157041295,54.95072610833801,29.97312333182073,34.72664489896316,53.968927620275664
489,169,488,282,395,168,0.0063821929389225,-0.0060728984912395,-7.3642900127156e-05,8.612684204960459,43.06342102480229,8.726159945886145,-5.407182785257801
491,179,489,293,399,177,0.013713730960138,0.010578312353046,-0.0677463233544263,51.49634073848227,218.85944813854962,47.630580254944626,39.380530829045114
530,372,530,473,438,372,0.0165464309862105,-0.0100706194251813,-0.0610578196117987,21.434395776800002,60.01630817504,-54.36894519141268,-51.92313072699253
535,386,529,481,445,381,-0.005303378660978,0.009246673178016,-0.002706034482659,-47.3647056166441,-25.83529397271496,28.93973557070756,16.38234639028076
524,380,522,478,435,379,-0.0289257571051102,0.0473082623941476,0.0041600727149045,-135.09788572185252,-130.09426032474687,90.80757824767076,48.06945837880984
497,354,493,461,411,351,-0.0527196675548839,0.0744316818236886,0.0061967464582053,-144.76268096106335,-24.95908292432127,-130.39968276795048,-142.1607751913929
468,349,465,443,388,347,-0.0780111734325837,0.1037665410312622,0.0105206024883335,-202.01374821178973,-68.77063768911991,-30.361012415770976,-61.7342083872152
421,333,421,423,348,333,-0.0995747609157524,0.1037939945090684,0.0041293057050209,-164.53999614838702,-14.958181468035184,-64.81772056984016,-84.88976994214752
388,330,389,414,321,331,-0.0729540695517508,0.0675962176437588,-0.0016507385552406,-94.42918426826475,-8.584471297114977,-12.56438659042619,-14.342980587008173
366,328,369,411,300,330,-0.042459686862592,0.028138643211533,-0.0076938049150781,-50.02115667627901,5.002115667627901,-30.249998493827217,-32.01401350976729
356,329,358,408,291,330,-0.0219205174945718,0.0121816379122628,-0.0039879336062403,-12.900496420889459,4.30016547362982,-8.502941748444035,-15.394767459443663
353,330,355,409,290,332,0.0002001633838001,-0.0030176177749763,0.0095794907384879,-8.580651562623068,-107.25814453278835,47.08991401374781,58.70170443343709
351,305,352,389,283,307,-0.0017946260391,-0.0271541166828725,0.1080704282833939,-12.876298460420685,-244.649670747993,17.36530012460878,18.13935443673618
350,167,351,258,275,168,0.003700025083798,-0.0599307951733599,0.1496281330288641,9.983751990535882,-244.60192376812913,85.35286250157102,63.51394130021319
352,118,356,217,278,120,0.0047116819921331,-0.0323592260481353,0.0713601460546401,4.310196565246343,-64.65294847869515,22.804036682740694,16.9116363695817
353,103,359,205,279,108,-0.0104561707414337,-0.0141432575937243,-0.0084823111709224,-49.970917937592134,39.976734350073706,18.689089769228595,24.136274461194745
343,111,347,215,268,114,-0.044629615083309,-0.0823698218840326,-0.0512324578165135,-109.94597467093547,54.972987335467735,55.12823200708834,82.7557450546596
321,122,326,231,239,125,-0.0541737786356456,-0.1315726780450164,-0.0754687678752201,-94.94089825502782,39.97511505474856,86.40301796581828,97.81608517815125
302,130,309,248,215,136,-0.0271184388515702,-0.0758980756184986,-0.0345374340931952,-21.515209340022366,81.757795492085,-78.57666259170253,-25.792358141179616
297,149,309,258,204,159,-0.0186583054413411,0.0129964158763023,-0.0184984486161823,-124.2276964809504,107.09284179392276,15.062951635836423,-0.2983337835370708
268,174,277,285,178,181,-0.0927129320235262,0.0490095621854716,-0.0878760220459343,-249.89031599241684,264.88373495196186,-48.53167129269848,-19.71652154021549
218,227,219,333,124,228,-0.1607685281255461,0.0822483137791443,-0.1487887374080042,-266.63732270530716,296.74153655913216,-60.29970950086654,-92.79018310810743
156,296,156,395,71,296,-0.1121548807265307,0.0445698146138922,-0.1015373647673574,-120.21556817576948,115.92215502663485,-12.340984284458374,-32.13260337580179
128,323,132,420,46,326,-0.0241186483074798,0.0103619416999492,-0.0204244967774219,-5.005709484618763,20.022837938475053,-0.30789390367600955,-8.686482949208036
127,327,130,425,47,329,0.0048161945873754,-0.0050823629908529,-0.0003039008661436,4.971875496381013,-4.971875496381013,-4.0099719441922845,-1.7346546107333796
128,326,133,423,49,330,0.0176032864170257,-0.0153777607892695,0.0051496774794053,21.58467588794897,8.633870355179587,17.72422238240726,9.303111264873635
133,328,139,427,54,333,0.0450723922228717,-0.0543824322656867,-0.0010069835091446,46.93065987451887,25.598541749737564,59.627741293899355,47.85894796989009
144,334,150,440,65,339,0.0498358497268905,-0.0708071099328272,-0.0002297455121702,51.12609641214838,59.64711248083977,-11.936941920585731,35.2382231903635
156,348,163,453,68,354,0.0370222555767492,-0.0570574301487369,-0.0034536686848899,34.75817719253176,73.86112653413,-40.74375287397555,-36.369027473832475
164,365,168,466,78,369,0.0160592381416151,-0.0237396103819611,-0.0016734236776011,4.979631766655746,-19.918527066622985,151.36045900860577,141.92173565580276
165,361,173,476,75,367,-0.0111725292274515,0.0165658595316896,0.001079001548614,-42.93153867806239,-47.22469254586863,-100.46546049781826,-94.43919638347059
155,350,159,454,68,353,-0.0457401239979179,0.0583171994314724,0.0039390761205678,-70.06621897029838,-60.05675911739861,70.42454244372706,6.612050993411461
141,338,146,449,61,342,-0.0706322764105371,0.0828793509329534,0.0029398012275659,-94.60315546547167,-51.60172116298455,-97.10031722395145,-85.40907126353542
119,326,127,425,41,333,-0.0866235806221573,0.0872143521459359,-0.0011830463222988,-59.95560119216374,-24.981500496734892,-51.859812059178495,-75.41015798726677
107,321,113,415,35,325,-0.0523603355591165,0.0488744505827127,-0.0087717634434817,-50.058528667589634,-10.011705733517926,-14.401783219097782,-1.6824618335755486
97,319,103,411,23,323,-0.0295947582976846,0.0234567118521153,-0.0053121004500374,-20.02484543219307,0.0,-30.293137327248715,-28.890390537691964
93,319,99,409,20,324,-0.0087956961932226,0.0062033025611688,-0.0037908853337461,55.92869971761757,-30.115453694101767,0.0,-2.923876130625741
106,312,112,401,33,316,0.1094794331508517,0.0184552797745692,0.1093164117164772,264.73578834295193,-254.74575859416126,-5.545902451740208,27.47550984036903
251,185,258,276,177,191,0.1899368306535369,-0.0187596663264084,0.161788843715782,240.159694048572,-215.14305925184576,33.034120915698004,29.00841819827334
299,142,302,237,224,144,0.0544532656631797,-0.0101534447178105,0.0445635396004643,34.370208908441874,-34.370208908441874,17.301601104655422,9.347887266801154
307,134,311,231,233,137,0.0265351279519518,-0.007530207329662,-0.0043273432108618,77.13552194400286,8.57061354933365,8.445698168040717,24.14518174429508
325,136,327,234,247,138,0.0665198393598541,-0.0211445089382978,-0.0049941143729396,171.9389279806839,12.895419598551294,25.782617962178865,33.57204146578715
365,139,368,240,285,141,0.1108273309720766,-0.0615902469167362,-0.0258210850057505,245.21421071721753,50.04371647290154,84.94678020320714,94.28593690661295
414,149,416,258,329,151,0.0986851202804845,-0.0683281690459255,-0.0239824721491986,205.34373141772497,59.89192166350312,8.642047884186711,62.11355220877607
462,163,464,273,367,165,0.0532629895811446,-0.0490626162078226,-0.0170054592920894,111.73866008166361,12.892922317115033,17.416350234683414,7.438320418493379
488,166,484,279,394,164,0.0175889946941725,-0.0166485536978876,-0.005993627907687,21.455667128760485,47.20246768327307,-17.47773357009658,-14.77970856791561
493,177,491,288,400,176,0.0148566788396173,0.0039916209871343,-0.064963100891139,45.04977241644332,240.2654528876977,80.00192063148356,55.99123606648149
533,386,530,484,441,383,0.0135055746597013,-0.0012576619255169,-0.0398841522609489,-4.2859460994994985,-4.2859460994994985,30.283462576105798,20.41843582538454
532,385,528,486,440,381,-0.0176382767063216,0.029413480206088,0.0041636958201323,-120.16169371589007,-81.53829216435398,-26.250907091457005,-54.94288957257061
504,366,502,464,418,364,-0.0583785563285218,0.0811562537663946,0.009126739689471,-179.75460175284462,-84.88411749439885,-44.80946352253385,-72.10295625707592
468,349,466,443,388,347,-0.0867224296182744,0.1082662523445168,0.0023247066422484,-232.5281491679526,-73.20330621954064,-47.60444820773419,-76.00227138231931
414,332,413,421,342,331,-0.1044329542210166,0.1052277530593257,-0.0046821518096153,-169.9373619171324,-14.994473110335212,-60.03436699700054,-60.3167422794707
380,329,380,412,310,329,-0.0671856671939024,0.0562369396444872,-0.009183224991539,-100.0060561986624,0.0,0.2424033145370124,-43.505136467082956
360,329,362,411,297,330,-0.0371401163995776,0.0257941199096164,-0.0121989568500866,-34.28105320370576,-4.28513165046322,-12.851549197267477,-10.520874153569599
352,328,355,409,289,330,-0.0055621529239976,0.0054513855158176,0.0025004354709949,-8.565695182196736,-59.959866275377145,21.52327215044992,25.26642608808758
350,314,352,398,285,316,-0.0070991572849403,-0.0190197090661402,0.0943551269083867,-4.290545219825916,-270.3043488490327,8.260013783378856,35.665269259645356
351,106,356,213,278,109,0.0039242831404041,-0.0258585965934414,0.0572864449593811,-12.851088515133812,-8.567392343422542,-47.948356158800216,-15.82667289814678
348,104,350,206,270,106,-0.0318576797747486,-0.0672833051265911,-0.0416083688987259,-105.1112434410178,85.09005421415726,20.799055323464597,22.10818010048797
303,131,313,249,214,138,-0.0353569553842038,-0.0905573678772776,-0.0445528296018872,-25.870750201490207,73.30045890422225,-80.78187077935146,-38.436628036466075
297,148,308,258,204,158,-0.0096298709951521,0.0033655518548216,-0.0107605543032799,-104.79035951930847,99.8003423993414,44.69213007288619,17.574959460168348
276,168,287,281,186,176,-0.0883802819178077,0.0465954347898955,-0.0871612546174501,-262.03177737403456,262.03177737403456,-73.29839661532056,-46.75737767269098
215,229,215,334,122,229,-0.1741321717620829,0.087830850000207,-0.1620269718779678,-269.3114792192611,303.50976229472286,-81.1763944976617,-100.69985335834605
152,300,153,396,66,301,-0.1088766619233642,0.0412521288294293,-0.0943923660832431,-107.79301950722066,103.48129872693183,26.913537076260415,-14.78399548872883
127,324,132,423,47,329,-0.013772303430801,0.0049430137178121,-0.0122696461959082,0.0,9.93906190018057,-50.30204158348189,-25.86442505351717
127,326,131,420,45,330,0.0103054816988478,-0.0134033584459663,0.0050349900984768,21.585342381296947,8.634136952518778,37.15091923796394,9.244472506236203
132,328,140,426,54,335,0.0257829849796306,-0.0307045742937124,0.0113008120611787,24.70801414746446,19.766411317971567,-11.369562667820212,0.2360945877071357
137,332,144,429,58,337,0.0429541061862252,-0.05001234231008,0.0093812871517943,38.99558069721268,25.99705379814179,91.6805500008303,78.58750380964614
146,338,154,446,66,344,0.0494180597661592,-0.0690721839792354,-0.0025110203360581,49.98705722233215,54.98576294456536,-35.610306691553745,18.232249741543594
156,349,163,453,68,355,0.0340553342102334,-0.0505730724494863,-0.0066537862837132,25.012785771535444,35.01790008014962,53.8153596987414,15.38957565517675
161,356,166,466,77,360,0.0169577057328485,-0.0246933993688957,-0.0054858964611419,17.172879135276776,21.46609891909597,44.657839400560285,67.0537234023699
165,361,173,475,75,367,-0.0073892817968236,0.0110733764985711,-0.0011069907036394,-49.98812957357043,-59.98575548828452,-22.03489150555885,-61.33494648833277
155,349,160,462,72,353,-0.0418371166145781,0.0494921715908592,0.006167424721534,-44.83473067974104,-14.944910226580348,-140.27627021320708,-94.02717346160507
146,346,149,445,61,348,-0.0659172620135184,0.0809055614862134,0.0069233131310951,-99.39098764579886,-82.10559849000775,10.808054051285419,-24.958077538499968
123,327,131,427,44,333,-0.0919234423131584,0.0972810007290911,-0.0004761442612412,-69.89757764049091,-24.96342058588961,-40.87976711433292,-71.8482804184838
109,322,115,417,37,326,-0.065012727307322,0.0577019002063041,-0.0081425900837686,-55.060504404258566,-10.011000800774285,-25.567940174123105,-11.771651699173232
98,320,103,414,24,325,-0.0384726058868263,0.0335289359848517,-0.0028741805656272,-19.988152850154524,0.0,-29.327950519498707,-25.928284606529047
94,320,100,410,21,325,-0.0109258131405707,0.0074294866774168,-0.003142166812444,21.504994395981107,-21.504994395981107,13.82413484386935,17.689178835363915
99,315,106,407,24,321,0.0780039250918904,0.0094713329210029,0.0644204138803343,245.28269208276942,-225.25961517805354,-11.094642158519484,6.9516718067631444
295,144,300,237,222,148,0.0696977634415597,-0.004657341942644,0.0641906030929079,60.25896876747754,-30.12948438373877,0.5109424163616823,-0.3649308584989269
309,137,315,229,237,141,0.0236727431007385,-0.0039730398642705,0.0031043626857675,65.0000619888897,0.0,19.655291369899082,21.595832665841463
322,137,328,231,248,141,0.0594594245830554,-0.0280933834185772,-0.0085907519666322,114.8698838190974,-4.994342774743365,43.805645332465076,72.46560449388113
345,136,348,236,266,139,0.0964196580196925,-0.0482673336766178,-0.0173723642263743,224.38232461928033,24.93136940214226,74.76220629702922,72.74622859390072
390,141,393,247,308,143,0.1169276619894362,-0.0738855588758373,-0.027140192005074,236.3220557412048,68.7482343974414,21.603557245794303,66.23357040610142
445,157,448,266,353,160,0.0744600189195124,-0.0608743535195953,-0.0248086842983198,150.55580283429296,30.11116056685859,29.71387711520046,26.969306220315666
480,164,479,277,388,163,0.0311551290521865,-0.0326732713317931,-0.0130634047689384,55.00726557377051,15.001981520119228,5.177203109695732,21.869680518600312
491,167,488,280,396,165,0.0002741404498726,0.001796184632927,-0.009526326488857,4.988746992279542,114.74118082242947,-19.68045734792123,-37.28883195190787
492,190,489,301,400,188,0.0256889835480139,0.0018131070448002,-0.1051732060846903,77.4873470728303,335.7785039822647,72.78857791781678,63.51679954810194
529,365,528,474,435,364,0.021949610873894,-0.0072044294616664,-0.0825037473430757,30.02909618542137,105.1018366489748,-138.58118186767072,-127.5525114230732
535,386,530,481,445,381,-0.0030666329868429,0.0038259075868034,-0.000850683991858,-45.044181767413896,-5.004909085268211,-1.5477855778895193,-10.593894715786746
526,385,525,480,437,384,-0.0305829064522679,0.045442658112436,0.0041591265164329,-150.42898717055377,-120.34318973644301,52.82287357073451,13.218195105022147
491,357,486,457,407,352,-0.0724842617933668,0.1004826806218687,0.0155863887706315,-194.72835645351188,-74.89552171288919,-71.07054259284057,-100.3850752055744
452,342,450,435,374,340,-0.1033998218023692,0.1236331743457356,0.0099120240580354,-225.4484992689849,-55.109633154640754,-55.444464139959074,-73.43611391345341
407,331,407,419,335,331,-0.1012913080269183,0.0958853611808881,-0.0063859616094744,-154.85302212689234,-14.985776334860548,-39.82827931675563,-67.13617994350837
376,328,377,413,309,330,-0.0660451602766276,0.051526032652514,-0.0145710987408963,-90.03432390306497,5.00190688350361,-15.003285249982817,-37.56611645576307
358,329,360,411,295,330,-0.0330127890016374,0.0227924329483745,-0.0036962636678285,-21.47790455570998,0.0,-21.380301585162517,-14.513967777706124
353,329,355,409,290,331,0.0005137628551784,0.0026647939914709,0.0006327471431634,-19.996300428120566,-74.98612660545213,34.983053351504545,43.53653568092859
349,314,351,397,284,315,-0.0043710986051915,-0.0258036119681688,0.0991093684016195,0.0,-270.0377830509722,12.653639083565954,36.2072190870478
351,105,356,212,278,108,0.0045309319064157,-0.0238219460674027,0.051484320828277,-9.995017151626579,-4.997508575813289,-50.83198834475268,-21.570398052168677
349,104,352,207,272,106,-0.0232341597695216,-0.0388935333867737,-0.0227694976197634,-69.77465451477597,59.80684672695084,40.315871396530746,45.126297696291445
307,134,318,257,222,141,-0.0336152039299745,-0.0889700671481059,-0.0420366342541598,-49.99116815195071,34.9938177063655,-97.01771009982235,-24.529770611623775
297,141,310,254,204,151,0.0003208433093382,0.0035299173903757,-0.0014429473470173,-65.04286252785374,95.06264523301701,-17.043085091254614,-24.913093695373707
284,160,295,272,193,169,-0.0690432456732606,0.0349738933556847,-0.0735274207677859,-229.87443868183615,234.871709087963,-34.80802712642655,-25.95581307986664
238,207,241,316,146,210,-0.1540712457503435,0.0811295905308005,-0.1398870906358413,-314.374270494934,335.90675477540896,-95.21580728580571,-97.96132659622931
165,285,166,383,78,286,-0.1268406021596911,0.0522920161462634,-0.1173612909561276,-164.93350444888523,164.93350444888523,-9.377736329754924,-49.01487906226591
132,318,135,415,51,321,-0.0547546317336213,0.0258808074477481,-0.0474926179005154,-29.926857895782078,34.91466754507909,4.562717312106083,-1.8258402001281058
126,325,128,422,46,326,0.0031324695579461,-0.0020730554445553,-0.0004985579866698,12.912026647210759,12.912026647210759,0.7168778442786726,-4.843070809758105
129,328,134,426,50,332,0.020609411593541,-0.0222020387280015,0.0044432726002594,5.004192526945994,-10.008385053891988,5.508860198909856,3.3498207939308893
130,326,136,424,51,331,0.0335715437458017,-0.0448759681576464,-0.0011815049750318,55.06175291197252,35.039297307618874,15.596192760653592,48.24948807357363
141,333,148,433,57,338,0.0518390068209149,-0.0710607503299909,-0.0003771724077935,47.240310775998005,47.240310775998005,33.571687927073036,28.225113605398892
152,344,157,447,67,348,0.0416421751247168,-0.0596909493589554,-0.0018155434102554,34.29398171569905,55.72772028801096,30.183499307545503,19.48981247377619
160,357,166,464,76,362,0.020409304139619,-0.029313584239207,-0.0003140870043597,25.770476694687456,17.180317796458304,61.03464455493489,86.80060673257411
166,361,173,475,74,367,-0.0005413924934234,0.001813613919141,0.003868505847753,-29.939212243208143,-24.949343536006786,-71.3736826533269,-99.85448229701433
160,356,164,463,75,360,-0.0298861174059561,0.041368100822127,0.0071066909535144,-65.10779106644762,-50.0829162049597,-40.236051176824745,-36.32854771998177
147,346,151,449,64,349,-0.0567912528722653,0.0712012604181661,0.0039578664903012,-70.0692288599958,-65.06428394142468,-13.378694880742733,-43.65572613838963
133,333,140,435,54,339,-0.0802100558306094,0.0951537206611533,0.0026918362036607,-81.7486538802818,-47.32816803595262,-52.08505277239044,-49.203788184131966
114,322,120,418,37,327,-0.0755911777959702,0.0762926658900043,-0.0058338731465708,-65.04713016237343,-10.007250794211298,-25.27635000526496,-41.698894295747806
101,320,107,413,28,325,-0.0427999749043215,0.0369155341376786,-0.0066056168880491,-34.94650090163008,-4.99235727166144,-24.917048986162754,-21.87482131804107
94,319,100,410,21,324,-0.0169798439259423,0.0132111988180516,-0.0076762691379003,-4.290027380951164,0.0,-12.845982156009079,-6.542683415007208
93,319,99,408,20,324,0.0320673164999059,0.005480890658682,0.0331959840817386,180.18207147109186,-171.6019728296113,4.030708320038671,26.8128414285917
288,150,293,241,213,154,0.0893666565439796,-0.0137632459468576,0.0742253214509013,86.20844941889563,-56.03549212228216,5.045905495436245,-6.088833520628261
308,137,314,228,235,141,0.0213226718601085,-0.0042215173094367,0.0108516947548872,60.106389483338425,-15.026597370834606,64.18111813138246,47.07350271122968
320,134,325,232,247,138,0.0502530539529259,-0.0151381556088972,-0.0098600570299571,115.06828426349925,25.014844405108533,5.796539733662483,11.652127978724842
343,139,349,238,269,144,0.0914255584008354,-0.0439788998468294,-0.0160159559106621,188.24888267364622,9.907835930191906,43.36537867796088,87.59482051380488
381,141,385,244,298,144,0.1199658909025994,-0.0780769667164254,-0.0324593541050023,259.7408559556273,64.93521398890682,3.8561295602961194,33.37572108217873
441,156,442,260,353,157,0.0800577774222267,-0.0593889193031641,-0.026280291134238,149.54643720919177,39.87904992245114,54.7855316635661,58.997174094936504
